id	hash	time	median_time	size	stripped_size	weight	version	version_hex	version_bits	merkle_root	nonce	bits	difficulty	chainwork	coinbase_data_hex	transaction_count	witness_count	input_count	output_count	input_total	input_total_usd	output_total	output_total_usd	fee_total	fee_total_usd	fee_per_kb	fee_per_kb_usd	fee_per_kwu	fee_per_kwu_usd	cdd_total	generation	generation_usd	reward	reward_usd	guessed_miner
888255	00000000000000000002538112339c8790babcb0a859d9f6024e8e0ee567d262	2025-03-18 00:13:41	2025-03-17 22:51:18	1536266	819099	3993563	536870912	20000000	100000000000000000000000000000	a97e25e06afc98510b9d071911ade709f1a12d3a44217cc3de414f82e17b4320	195188623	386040449	112149504190350	0000000000000000000000000000000000000000b532b2e0e4da0d5d15d63280	03bf8d0d1c4d696e656420627920416e74506f6f6c3930379c00b20013d9432201fabe6d6db8ab1fbccb1e985dc4ebaee52617d2274c6fe36937cec064a7c8be7fc95043c310000000000000000000b8195504000000000000	3522	3144	6349	13684	472010144948	396011776	472322644948	396273984	6542686	5489.248	4260.2295	3.5741	1639.096	1.3751	22233.585911207	312500000	262184.375	319042686	267673.625	AntPool
888256	000000000000000000023c9e61be6583d2ec041dcd9fe35c4dbd91646135ffc0	2025-03-18 00:27:13	2025-03-17 22:52:36	1599287	798176	3993815	691003392	292fe000	101001001011111110000000000000	feda7cab6f860fd62213d98d9d72f6b6deced14d804b078afc6bed1d0a9baa2b	1837420146	386040449	112149504190350	0000000000000000000000000000000000000000b53318e122363246840a9ecb	03c08d0d194d696e656420627920416e74506f6f6c20b9003c0518bbca45fabe6d6d24342842bcec51b9fea1396160f3ca2a0ab6c37185be4ea5c0a197028631f35210000000000000003af70000fb23010000000000	4058	3796	7549	11866	2315148432201	1942386432	2315460932201	1942648576	4589421	3850.4783	2870.5715	2.4087	1149.6814	0.9648	23835.465497268	312500000	262184.375	317089421	266034.8438	AntPool
888257	00000000000000000000ec9bb86421cded4599206bcc998e954c042b487e98c4	2025-03-18 00:39:54	2025-03-17 22:56:29	1541287	817378	3993421	792231936	2f388000	101111001110001000000000000000	2eb6ac5c7ec42bb3f75b55a54f1799a91d32070394d62eb4496bd69ab2edeb24	856538725	386040449	112149504190350	0000000000000000000000000000000000000000b5337ee15f92572ff23f0b16	03c18d0d04dac0d8672f466f756e6472792055534120506f6f6c202364726f70676f6c642f248bb05300000000004d32a1	3122	2922	7559	10296	253051664406	212307808	253364164406	212570000	4028422	3379.8057	2614.4543	2.1931	1009.2024	0.8465	18282.834781591	312500000	262184.375	316528422	265564.1875	Foundry USA Pool
888258	00000000000000000000e2f6aa0f00f5725946f4e3d9497f87dcb794064461e0	2025-03-18 00:43:32	2025-03-17 23:23:37	1618713	791629	3993600	537411584	20084000	100000000010000100000000000000	e3911cdaa063a615fac01e2ce3e3bacf7a6848afd6a79577fc5005a26426d9aa	701218262	386040449	112149504190350	0000000000000000000000000000000000000000b533e4e19cee7c1960737761	03c28d0d1a4d696e656420627920416e74506f6f6c204d0053011e92c71701fabe6d6d827a905ab7777a01e8be390ec2a65c51d6f6d01cac8fa73aeebb948ebec40d2d0800000000000000000064733655000000000000	2625	2417	7361	8482	181487322658	152266048	181799822658	152528240	2619596	2197.8149	1618.8253	1.3583	656.2627	0.5504	18195.633898564	312500000	262184.375	315119596	264382.1875	AntPool
888259	000000000000000000024ad1030a6751c4daf5d26a991f0d9eb6a2dad54d3639	2025-03-18 00:52:37	2025-03-17 23:32:58	1440821	850942	3993647	569147392	21ec8000	100001111011001000000000000000	d38e75d3b574c04972de4f2d679d96c3e682938e9ba78aa6d446e582f580e992	3519242068	386040449	112149504190350	0000000000000000000000000000000000000000b5344ae1da4aa102cea7e3ac	03c38d0d04d5c3d8672f466f756e6472792055534120506f6f6c202364726f70676f6c642f0d94034e1cc6000000000000	2392	2234	7471	7842	250523424173	210186640	250835924173	210448832	3193075	2678.958	2216.8574	1.86	799.8855	0.6712	10235.489637187	312500000	262184.375	315693075	264863.3438	Foundry USA Pool
888260	00000000000000000000f05ec49bf0cbce5d89d4b32ffc11664e3f31fe0988ec	2025-03-18 00:59:22	2025-03-18 00:13:41	1295473	899208	3993097	567623680	21d54000	100001110101010100000000000000	9fb1f0722a5fe4870898246fd9409191ae726712b7bffff47844dca5026726d6	2750855991	386040449	112149504190350	0000000000000000000000000000000000000000b534b0e217a6c5ec3cdc4ff7	03c48d0d046cc5d8677c204d415241204d61646520696e2055534120f09f87baf09f87b8207c763032fabe6d6d53c7bd38b396b33eb59876ca3e721019cfd7bb232ec648d68d0a3f0fc28c321d010000000000000013961b4dc00023920000ffffffff	1649	1523	7087	5477	133134124945	111698200	133446624945	111960384	2683093	2251.0881	2071.6897	1.7384	672.1503	0.5638	6959.1272099889	312500000	262184.375	315183093	264435.4688	Unknown
888261	00000000000000000001defc6da438b53b60ce548d66d6f45cb7a552b6d7229d	2025-03-18 01:12:06	2025-03-18 00:27:13	1368822	874960	3993702	704643072	2a000000	101010000000000000000000000000	ab546bc380e3d6c7979e51c8a98c481c2cc97c832968fc4b02e592623cb43b49	1388251482	386040449	112149504190350	0000000000000000000000000000000000000000b53516e25502ead5ab10bc42	03c58d0d0466c8d8672f466f756e6472792055534120506f6f6c202364726f70676f6c642f3101032c00002ebb21a73b00	2538	2299	6919	8530	244598945643	205216064	244911445643	205478256	3130158	2626.1711	2287.522	1.9196	784.1136	0.6578	42555.397864709	312500000	262184.375	315630158	264810.5312	Foundry USA Pool
888262	0000000000000000000146c966b28df7069a88dece09c769c5e264644cc6cadc	2025-03-18 01:26:59	2025-03-18 00:39:54	1419284	858162	3993770	939524096	38000000	111000000000000000000000000000	3fb7877a53b7a149c2df94d8a6f3e55c9e6c41d961511920b45514eb08be176b	2947230757	386040449	112149504190350	0000000000000000000000000000000000000000b5357ce2925f0fbf1945288d	03c68d0d1b4d696e656420627920416e74506f6f6c3830369c0061032e1c072bfabe6d6df1d5af7c611cf222c734b649e97f6cfafced94dc77be286a53fdc374efc7fc671000000000000000000056e42924400000000000	3280	3045	6999	9885	256504048844	215204336	256816548844	215466512	3352422	2812.6484	2362.894	1.9825	839.8158	0.7048	10971.780501802	312500000	262184.375	315852422	264997.0312	AntPool
888263	0000000000000000000018d8f9aef0467162c69c4e471026b4181f7f76cb9edb	2025-03-18 01:46:24	2025-03-18 00:43:32	1568200	808539	3993817	699064320	29aae000	101001101010101110000000000000	e0abd8b1a361b41ed24c961dbfd706e3967ee2c2c9eafbeb521ffc8e9d9829b7	3042250087	386040449	112149504190350	0000000000000000000000000000000000000000b535e2e2cfbb34a8877994d8	03c78d0d194d696e656420627920416e74506f6f6c20b9001e05350d3d3efabe6d6dcad29a379c51a97d975fb9da7bc4b4dc2f9eee27677d54906eeeb6b87b5791c610000000000000000000bd1a16a2010000000000	3324	2995	7622	10465	426448817306	357786304	426761317306	358048480	3592027	3013.6748	2291.2778	1.9221	899.8269	0.7551	38830.043945724	312500000	262184.375	316092027	265198.0625	AntPool
888264	0000000000000000000109fc0c9ded0298180fe11728465320d8d80ee4b319d1	2025-03-18 01:56:15	2025-03-18 00:52:37	1380657	870955	3993522	608387072	24434000	100100010000110100000000000000	1d215c5891073ddbad029e99c25bfff8031339a2a718b3edcfcf88459f4b84a1	3211751568	386040449	112149504190350	0000000000000000000000000000000000000000b53648e30d175991f5ae0123	03c88d0d04bfd2d8672f466f756e6472792055534120506f6f6c202364726f70676f6c642f38002efc6cd3000000000000	2745	2587	7069	8576	164803945304	138268864	165116445304	138531040	2720930	2282.833	1971.407	1.6536	681.63153	0.5722	15633.181181519	312500000	262184.375	315220930	264467.2188	Foundry USA Pool
888265	000000000000000000025d951158ebe5ef9fe3b4a58f6590349f2fee6ccfeafe	2025-03-18 02:01:15	2025-03-18 00:59:22	1207757	928546	3993395	551550976	20e00000	100000111000000000000000000000	64aa3d53f61141f76da64e5bbebac600ef4deba7d51626ac5bca82947d878452	2270910825	386040449	112149504190350	0000000000000000000000000000000000000000b536aee34a737e7b63e26d6e	03c98d0d172f5669614254432f4d696e6564206279206b727870612f2cfabe6d6dfdbb13b462c5a7f3fd02002deb824d8b64a29bc45f76b8675fbe03060f43c41b10000000000000001058365004ad200d3110ea53cdf2f2160000000000	983	860	6620	3505	135079573711	113330408	135392073711	113592592	2266737	1901.7697	1877.4777	1.5748	567.8485	0.4765	51130.005400992	312500000	262184.375	314766737	264086.1562	ViaBTC
888266	00000000000000000000469d73f4b5b2db79e9cca7245342e96aa02f555ec515	2025-03-18 02:07:54	2025-03-18 01:12:06	1879683	704566	3993381	771751936	2e000000	101110000000000000000000000000	f0032c27b500ff4ff60c6a802968148bf62048cce9eea3b6676092d44d14447a	599547452	386040449	112149504190350	0000000000000000000000000000000000000000b53714e387cfa364d216d9b9	03ca8d0d20202020204d696e656420627920536563706f6f6c20202020700013023cbdd5ccfabe6d6d6bdcd04073d7905f4c230f2da1a476f5a651c2d884cd66c66c78ee343a934ee910000000000000000000992fc3110c00	2904	2796	6563	8496	250935030036	210531984	251247530036	210794160	2055875	1724.8585	1094.0132	0.9179	515.05334	0.4321	6538.7058484992	312500000	262184.375	314555875	263909.2188	Unknown
888267	0000000000000000000262de5bf9131005ad3b89ecb5a7d435013688ed9c35fc	2025-03-18 02:11:34	2025-03-18 01:26:59	1803001	730293	3993880	537321472	2006e000	100000000001101110000000000000	7232d60eee16cbdd404bc0b432525b3189b396a306b17f85dfd83ef6e5d557d3	3447412781	386040449	112149504190350	0000000000000000000000000000000000000000b5377ae3c52bc84e404b4604	03cb8d0d1c4d696e656420627920416e74506f6f6c313032339c00fa063e0e468efabe6d6df570f9a14d4ccfcebc3abb40d03dad2ce42d66dee748e3c1e856afa16012c713100000000000000000004a9aa2ed000000000000	3143	3079	8149	9131	45662227081	38310152	45974727081	38572336	1530109	1283.7461	848.8844	0.7123	383.29767	0.3213	16120.839734909	312500000	262184.375	314030109	263468.125	AntPool
888268	00000000000000000000e9fde43f1eede00e00452aaaf77a616b9a3d53e4a27b	2025-03-18 02:17:40	2025-03-18 01:46:24	1805746	729302	3993652	1006632960	3c000000	111100000000000000000000000000	f8499e7dbeabb62bc88b3c081a1b348e4e47956902cfbf974b471850b536974d	2792317608	386040449	112149504190350	0000000000000000000000000000000000000000b537e0e40287ed37ae7fb24f	03cc8d0d20202020204d696e656420627920536563706f6f6c2020202070005103403c60e1fabe6d6d04557243d8daed3c8cf7190ca5330e6b76837a70aadbb123b3a098435826d280100000000000000000000b4874641100	1664	1581	9233	7003	156266709474	131106208	156579209474	131368392	1784897	1497.5107	988.7158	0.8298	447.1355	0.375	18949.397036519	312500000	262184.375	314284897	263681.875	Unknown
888269	0000000000000000000039f3c9cb805f315ca3dd63be285ef6f89000a2bd5b6f	2025-03-18 02:34:44	2025-03-18 01:56:15	1596554	798818	3993008	539639808	202a4000	100000001010100100000000000000	d61da0060b3f021fb39b8233f4999ed059e2ac661005e26f5360cab8dbe42107	1206207683	386040449	112149504190350	0000000000000000000000000000000000000000b53846e43fe412211cb41e9a	03cd8d0d04c5dbd8673a2f2f31346662373862362d623064302d343331332d393036392d32623261366465616137666600038dc40000000000000048	3122	2925	7459	10067	396980172057	333062400	397292672057	333324576	3381622	2837.147	2118.4841	1.777	847.1243	0.7106	15803.527972844	312500000	262184.375	315881622	265021.5312	Unknown
888270	00000000000000000000426badec2dad7fe9d4c5ac6bbf994d9f34c6b8cf7814	2025-03-18 02:47:13	2025-03-18 02:01:15	1769129	741391	3993302	771751936	2e000000	101110000000000000000000000000	91f611acb6a0819213e2a7d92a9ad8e97fc5f102fa3a7da910bc597474f40a47	2240351825	386040449	112149504190350	0000000000000000000000000000000000000000b538ace47d40370a8ae88ae5	03ce8d0d04b1ded8672f466f756e6472792055534120506f6f6c202364726f70676f6c642f1e1027290000232a75d15b00	2242	2055	6807	6252	282902470812	237352336	283214970812	237614528	3293829	2763.4895	1862.3208	1.5622	825.19635	0.6922	28583.572842855	312500000	262184.375	315793829	264947.875	Foundry USA Pool
888271	000000000000000000013d763ddb34e515028e278d4c315c21d3486bc6d48e70	2025-03-18 02:49:50	2025-03-18 02:07:54	1481453	837228	3993137	628580352	25776000	100101011101110110000000000000	a20b3ac72a32de7cfd687117a16703e1e5b4a5246a10aa44e6c1dc1f8f1b88a5	3449873556	386040449	112149504190350	0000000000000000000000000000000000000000b53912e4ba9c5bf3f91cf730	03cf8d0d1a4d696e656420627920416e74506f6f6c204d0064004bbc71ec01fabe6d6dd8870e0b90006ebaa9bedbc0cdb40a240f7e7be0dcb80549d0fe9ac97e468af6080000000000000000009ae57c35000000000000	2555	2518	6717	6604	54617831857	45823816	54930331857	46086000	1685232	1413.8928	1137.9414	0.9548	422.23428	0.3541	1859.0438501675	312500000	262184.375	314185232	263598.2812	AntPool
888272	000000000000000000003989af07609b51287d4bb66902a259f2712f3e732029	2025-03-18 02:57:49	2025-03-18 02:11:34	1677712	771753	3992971	614694912	24a38000	100100101000111000000000000000	4b0cbea8cd370a74dba5935128134bf3212376bbc14bbbdff38ec1860b537dc9	2214387183	386040449	112149504190350	0000000000000000000000000000000000000000b53978e4f7f880dd6751637b	03d08d0d0423e1d8677c204d415241204d61646520696e2055534120f09f87baf09f87b8207c763032fabe6d6dd1ca65a43045c91ae8551938a49ec94fb7c549e446b54053185e077fdef37947010000000000000013870b6af90000000000ffffffff	3519	3418	6358	11557	219626698694	184264608	219939198694	184526784	2011563	1687.6813	1199.2421	1.0059	503.93906	0.4229	12030.898138673	312500000	262184.375	314511563	263872.0625	Unknown
888273	0000000000000000000072a7be99a6372fd2b6e02538d2be30238b844db44401	2025-03-18 03:09:04	2025-03-18 02:17:40	1646662	782244	3993394	707641344	2a2dc000	101010001011011100000000000000	9cb47573faa7ffe8d021e5edf24be3b819924db6a4d3bfce4ac097c68c7ab33e	1275575427	386040449	112149504190350	0000000000000000000000000000000000000000b539dee53554a5c6d585cfc6	03d18d0d0f2f736c7573682fe5006f065294285dfabe6d6dc4740a8b717ca68f7ab7e28876265799e0f8b03ed3c2635a55a8cf5e60bc12ad10000000000000000000caf76900010000000000	2906	2757	7884	8050	241803643430	202870832	242116143430	203133024	2655779	2228.1721	1613.1952	1.3533	665.2763	0.5579	28974.51610995	312500000	262184.375	315155779	264412.5625	SlushPool
888274	0000000000000000000056f3aaa33022cc602a3b39373fec20ad406067841020	2025-03-18 03:14:59	2025-03-18 02:34:44	1589560	801409	3993787	602324992	23e6c000	100011111001101100000000000000	3d1bf5cf98ac0bc2f0d2d6c1bba1e5260e7785b69145874d962c8bcafa2bf4f5	3476844900	386040449	112149504190350	0000000000000000000000000000000000000000b53a44e572b0cab043ba3c11	03d28d0d194d696e656420627920416e74506f6f6c20b9001b0154baf75afabe6d6daae38cc364b61c0378d0c3b5ad0f1face8f1bcbe8e014730e1946dca6dbfb9201000000000000000146700005284000000000000	2846	2787	8411	8392	102893731828	86326816	103206231828	86589000	1933753	1622.3994	1216.9193	1.0211	484.42175	0.4061	2496.5435186075	312500000	262184.375	314433753	263806.7812	AntPool
888275	000000000000000000001baf3f06af9da8de21749d45bfa2a7637d12273da3bb	2025-03-18 03:17:07	2025-03-18 02:47:13	1868059	708544	3993691	661348352	276b6000	100111011010110110000000000000	16d0bf994d5d6da47a4c4b784af73b0bceea36ac46593da2c96bb0e67dada4c1	3600572714	386040449	112149504190350	0000000000000000000000000000000000000000b53aaae5b00cef99b1eea85c	03d38d0d194d696e656420627920416e74506f6f6c2065016b00557f6c50fabe6d6d1b01ac7af47243dbfeb85b11ada15b4a49425be025ade6aa5e3d5bfc04a476da10000000000000000000c715652b000000000000	3481	3466	7505	11222	56748908375	47611768	57061408375	47873952	1368621	1148.2593	732.84106	0.615	342.85956	0.2878	4600.8921714385	312500000	262184.375	313868621	263332.625	AntPool
888276	000000000000000000025a85e2315e0fbee68944afac47dfaddbcf12af11489b	2025-03-18 03:20:55	2025-03-18 02:49:50	1800561	731020	3993621	701284352	29ccc000	101001110011001100000000000000	a4dac8124fde8ea3271573cae5be7a797c0a7ab3bf9a6bb8daafc2e82e251f6a	3389609422	386040449	112149504190350	0000000000000000000000000000000000000000b53b10e5ed691483202314a7	03d48d0d0498e6d8672f466f756e6472792055534120506f6f6c202364726f70676f6c642f3f72934000005757a2000000	3639	3566	7271	10517	166285451636	139511824	166597951636	139774016	2153951	1807.1433	1196.5723	1.0043	539.5819	0.4531	3043.9662384898	312500000	262184.375	314653951	263991.5312	Foundry USA Pool
888277	00000000000000000002109f53e2c2d92cc9111581b9a25ca0e4070559dabe78	2025-03-18 03:24:02	2025-03-18 02:57:49	1757279	745515	3993824	593100800	235a0000	100011010110100000000000000000	bcecf4d2d1f14fc36daa1e6a85fa55a4296f486e0975585b82a2fdae6f7037d1	1062988253	386040449	112149504190350	0000000000000000000000000000000000000000b53b76e62ac5396c8e5780f2	03d58d0d194d696e656420627920416e74506f6f6c204d00280357f78c69fabe6d6db0c4b77ca9e9ebe0f6332875331f11cb5663c2dae04b75ebc352bd5123d6705b080000000000000059540000ec3a000000000000	3682	3652	5768	14480	1587566891452	1331952768	1587879391452	1332214912	1989314	1669.0145	1132.367	0.9497	498.33563	0.4178	116710.11424021	312500000	262184.375	314489314	263853.375	AntPool
888278	00000000000000000001e700eaa45603e73d3af16c69008e2e1927848308a566	2025-03-18 03:24:26	2025-03-18 03:09:04	1944961	684358	3998035	596500480	238de000	100011100011011110000000000000	d08f49a3e0a6ed42571595f052235fa34b364663fc95d760efc05f256b0409e3	387129090	386040449	112149504190350	0000000000000000000000000000000000000000b53bdce668215e55fc8bed3d	03d68d0d2cfabe6d6deffadbfe609ac4ea58352e8ff4eced12a93d13b0b8ab65281298f17c26d1f57a10000000f09f909f092f4632506f6f6c2f6200000000000000000000000000000000000000000000000000000000000000000000000500790e0000	657	640	12055	3686	19263996316	16162300	19576496316	16424485	1094356	918.1537	562.82654	0.4724	273.8717	0.2299	4053.8038177693	312500000	262184.375	313594356	263102.5312	F2Pool
888279	00000000000000000000067acc188d243d288349472ad416f1407efe81319fcb	2025-03-18 03:25:02	2025-03-18 03:14:59	2131169	620582	3992915	579485696	228a4000	100010100010100100000000000000	8de0da00256611a024f1a149a8c103944cbf3624f951ebe4991fce90c548e749	677832782	386040449	112149504190350	0000000000000000000000000000000000000000b53c42e6a57d833f6ac05988	03d78d0d182f5669614254432f4d696e65642062792064697a656c322f2cfabe6d6df0691cf9d919ba2645a3503c85644bc3e09f7124959c2cc78e952f0a38be1ceb1000000000000000100b384c04e4aa3dfce6f3798f230a000000000000	598	592	13989	1221	11992343183	10061456	12304843183	10323640	1117681	937.7232	524.5501	0.4405	280.02826	0.2349	9.2980100826617	312500000	262184.375	313617681	263122.0938	ViaBTC
888280	00000000000000000001503a56e8a475e181c1e73955061b8b828cf3a504b1e7	2025-03-18 03:27:25	2025-03-18 03:17:07	1949378	681424	3993650	756154368	2d120000	101101000100100000000000000000	2f217c4de529cc3d34fdf8c7501a1c1ac6599404e57ab982604b15eddcdf4544	3667544790	386040449	112149504190350	0000000000000000000000000000000000000000b53ca8e6e2d9a828d8f4c5d3	03d88d0d041ee8d8672f466f756e6472792055534120506f6f6c202364726f70676f6c642f439dac3aa033000000000000	1334	1303	10837	6296	93660501302	78580224	93973001302	78842408	1655187	1388.6853	849.2851	0.7123	414.63452	0.3482	886.344081187	312500000	262184.375	314155187	263573.0625	Foundry USA Pool
888281	0000000000000000000204d6ec2d1c20e7e4c91977fd21b2d06224f57e21b9c7	2025-03-18 03:37:52	2025-03-18 03:20:55	1549423	814541	3993046	569679872	21f4a000	100001111101001010000000000000	ab036cb17420d375f7cf33d467c253820de3a50e11ab3a06149db4f89866e497	362535015	386040449	112149504190350	0000000000000000000000000000000000000000b53d0ee72035cd124729321e	03d98d0d0f2f736c7573682fe500c1045c3b0859fabe6d6d596e32eca92901556c1906208ce650a376aed474cbc63a5b006701da8ce1b0511000000000000000000057d12700000000000000	2946	2827	6470	9327	309686090770	259823536	309998590770	260085712	2387945	2003.462	1541.5585	1.2937	598.23566	0.5017	65838.85244838	312500000	262184.375	314887945	264187.8438	SlushPool
888282	000000000000000000016952c55375ba99f1d3181b2a8a088023c4edb03031f1	2025-03-18 03:42:06	2025-03-18 03:24:02	1702494	763712	3993630	673357824	2822a000	101000001000101010000000000000	a78aeb33f80bd547faafa15d18187edae9d44f2ba7d5248281b0dff588a94200	704660832	386040449	112149504190350	0000000000000000000000000000000000000000b53d74e75d91f1fbb55d9e69	03da8d0d048eebd8672f466f756e6472792055534120506f6f6c202364726f70676f6c642f352bc51f2302000000000000	3585	3524	6631	11197	66538893482	55825468	66851393482	56087652	1879520	1576.8984	1104.2788	0.9262	470.83368	0.3952	4039.4982442121	312500000	262184.375	314379520	263761.2812	Foundry USA Pool
888283	000000000000000000026878ed52c4c09d7ff9a5ccdb30f4841ba2dea5585cd0	2025-03-18 04:09:40	2025-03-18 03:24:26	1611249	791009	3984276	619773952	24f10000	100100111100010000000000000000	cc53c04a8748129e4eb28143acfd55165db4d665c31e7a55a3e9684312ad4890	1285538635	386040449	112149504190350	0000000000000000000000000000000000000000b53ddae79aee16e523920ab4	03db8d0d2a3c204f4345414e2e58595a203e0f4d554e49434820494e5445524e4154494f4e414c204d494e494e47000713391b432ed55b	2945	2740	8063	10115	479892557493	402625056	480205057493	402887232	3770892	3163.7407	2341.5989	1.9649	947.2328	0.7945	18122.421427545	312500000	262184.375	316270892	265348.125	Unknown
888284	00000000000000000001844ef012b5dab10c8f3d72bff7c6ca5ad8b43600e6e7	2025-03-18 04:22:59	2025-03-18 03:25:02	1787947	735255	3993712	905969664	36000000	110110000000000000000000000000	538c9499f64e0a4f97fbafc2e1059409d3fb88d9864b831a575af2fe9498e90a	802253716	386040449	112149504190350	0000000000000000000000000000000000000000b53e40e7d84a3bce91c676ff	03dc8d0d0423f5d8672f466f756e6472792055534120506f6f6c202364726f70676f6c642f21c82ead0000084408bc6300	2643	2436	6326	7729	2277476474819	1910780032	2277788974819	1911042176	3373664	2830.4705	1887.3782	1.5832	845.1105	0.7089	10531.53269379	312500000	262184.375	315873664	265014.8438	Foundry USA Pool
888285	000000000000000000005f458400ebde95d096dc482456ba6feee621f9f65d3d	2025-03-18 04:33:09	2025-03-18 03:27:25	1302959	896845	3993494	599646208	23bde000	100011101111011110000000000000	37dea85c7523641555b0de8f2224643fa28ce59cef3e8dcbeed433eca848d8ff	1030834708	386040449	112149504190350	0000000000000000000000000000000000000000b53ea6e815a660b7fffae34a	03dd8d0d1062696e616e63652f6501750270af6c7bfabe6d6debcd29fe8f8cddecd1f906b3b37cdefdfa81917e4b2e2798f44a0dc4f97a5ee010000000000000000000720e5adc000000000000	1495	1341	7490	4841	318365235484	267105248	318677735484	267367440	2576070	2161.2969	1977.7994	1.6595	645.35046	0.5411	14731.410743918	312500000	262184.375	315076070	264345.6875	Binance
888286	00000000000000000000581152246944d8bfaa80c8133ddb670de77e19b8aba7	2025-03-18 04:33:43	2025-03-18 03:37:52	1972094	673708	3993218	538099712	2012c000	100000000100101100000000000000	a72d088b67fbd3b059caf53415ca3c039fc624ef5fe12d540798215dddf25259	1445503328	386040449	112149504190350	0000000000000000000000000000000000000000b53f0ce8530285a16e2f4f95	03de8d0d04bbf7d867537069646572506f6f6c2f36392fdc193d25720976db05b6110000000000	2030	2002	10514	6653	15248202630	12793090	15560702630	13055274	1136523	953.5314	576.4038	0.4833	284.70428	0.2391	1072.7764281427	312500000	262184.375	313636523	263137.9062	SpiderPool
888287	00000000000000000002319445c28c04d5a5289a126ab1b6ef85fcee8befd464	2025-03-18 04:39:04	2025-03-18 03:42:06	1668933	774741	3993156	558047232	21432000	100001010000110010000000000000	2fcaa53704fbc55a436180d1c9e3736c097695dbd79df6a2947477675112520a	3973241092	386040449	112149504190350	0000000000000000000000000000000000000000b53f72e8905eaa8adc63bbe0	03df8d0d04cff8d8677c204d415241204d61646520696e2055534120f09f87baf09f87b8207c763032fabe6d6d6285852b83ff9a74b944060a6c4fa5875225d9a88442d1a153f13a180fa941e70100000000000000133173b34a0000000000ffffffff	3085	3000	7226	9260	110712048474	92886304	111024548474	93148488	2191721	1838.832	1313.5223	1.1024	549.047	0.4606	5544.6806133941	312500000	262184.375	314691721	264023.2188	Unknown
888288	0000000000000000000136cca674fecf1ab6601eb99fcb114be68a4f307f85fb	2025-03-18 04:47:47	2025-03-18 04:09:40	1620144	790969	3993051	664281088	27982000	100111100110000010000000000000	0e7a674cee695d6ed55a1ea392cd96462ac172d6a9bd16500672318b3b827e77	2770003280	386040449	112149504190350	0000000000000000000000000000000000000000b53fd8e8cdbacf744a98282b	03e08d0d04f3fad8672f466f756e6472792055534120506f6f6c202364726f70676f6c642f191c4de2532cd9ca00000000	1536	1413	9532	4209	208774500725	175159712	209087000725	175421904	2230074	1871.0098	1376.8574	1.1553	558.7311	0.469	1163.1579130478	312500000	262184.375	314730074	264055.375	Foundry USA Pool
888289	000000000000000000003f707e49af6f580da572943fbcfb29c8bf7e4554fb78	2025-03-18 04:56:36	2025-03-18 04:22:59	1766334	742159	3992811	617717760	24d1a000	100100110100011010000000000000	360c5fc165ac4fa07a373b2ce02c4e5b6245b051ea5f28b144146c0d6e469fc9	1565876047	386040449	112149504190350	0000000000000000000000000000000000000000b5403ee90b16f45db8cc9476	03e18d0d0407fdd8677c204d415241204d61646520696e2055534120f09f87baf09f87b8207c763032fabe6d6d5f29354640e3d13d3c2fed74aca45f9fa4817f996bf5bc72a37a51120628642a010000000000000013b89789b60016c10000ffffffff	1654	1556	10262	4403	146322589800	122763192	146635089800	123025376	2235133	1875.2543	1265.6587	1.0622	559.9705	0.4698	10702.169718659	312500000	262184.375	314735133	264059.625	Unknown
888290	0000000000000000000004957a38220a14f033f2302452faf689122b640f0342	2025-03-18 04:58:26	2025-03-18 04:33:09	1925239	689241	3992962	895221760	355c0000	110101010111000000000000000000	01567edbd9ad2bc2f3f7e557750b00de48d0cc58847c74e66cd4bfb2dff3c885	2180343308	386040449	112149504190350	0000000000000000000000000000000000000000b540a4e948731947270100c1	03e28d0d0472fdd8672f466f756e6472792055534120506f6f6c202364726f70676f6c642f21bed43c000094d04e000000	2845	2830	9464	8548	25566183339	21449772	25878683339	21711956	1316346	1104.4011	683.8946	0.5739	329.8096	0.2769	2473.1775908172	312500000	262184.375	313816346	263288.7812	Foundry USA Pool
888291	00000000000000000001d09fdca7aa61d8b5abd2f5387aad2c5a4327f876d222	2025-03-18 05:09:02	2025-03-18 04:33:43	1628389	788353	3993448	538959872	201fe000	100000000111111110000000000000	1357b46a463e47d2bfb21a01d773bc7a1462b074aab7e83424ab89637817ee83	466423907	386040449	112149504190350	0000000000000000000000000000000000000000b5410ae985cf3e3095356d0c	03e38d0d1d506f7765726564206279204c75786f722054656368680075077d85f708fabe6d6d57264a209891f8d15e43bdd82a2ff37dcc913eb88ddf76bbb8c7c22f890fd28e10000000000000000000690e0000000000000003	3019	2922	8070	8891	234595950057	196823664	234908450057	197085840	2853394	2393.969	1752.7959	1.4707	714.8425	0.5999	8768.8471643095	312500000	262184.375	315353394	264578.3438	Unknown
888292	000000000000000000016acad1e8266d19cf9fadf694b8dd587dbfe1cab684e0	2025-03-18 05:11:40	2025-03-18 04:39:04	1903954	696607	3993775	563388416	2194a000	100001100101001010000000000000	df905555c422737f3b30f03e3dda47992f3f7f96853122641333779f5df27b4a	1422865506	386040449	112149504190350	0000000000000000000000000000000000000000b54170e9c32b631a0369d957	03e48d0d1b4d696e6564206279204c75786f722054656368680049027e760084fabe6d6d32d99b3503bb16bb63ce952d4d792800e8e6173a5c9fdeed9a05649dc1642a3510000000000000000000503f0000000000000017	2685	2638	8974	7797	46992540485	39426272	47305040485	39688456	1335928	1120.8302	701.83563	0.589	334.6534	0.2811	3152.2096480861	312500000	262184.375	313835928	263305.2188	Unknown
888293	00000000000000000000d9a514e97bf71cfab5dc2bfb0f237c91f26de9251a5f	2025-03-18 05:49:10	2025-03-18 04:47:47	1650189	781238	3993903	560521216	2168e000	100001011010001110000000000000	523332ad9944eb6494d138d67f71ac22e110fd1b773b5e066b5a6a1859bd8c86	3005421135	386040449	112149504190350	0000000000000000000000000000000000000000b541d6ea00878803719e45a2	03e58d0d1b4d696e656420627920416e74506f6f6c3930379c00bb028bdee459fabe6d6d83f639abc457edb9435a560bb094e57399e62f64795262597a7fba848a9a443210000000000000000000f20ed72d030000000000	3409	3148	8508	9630	678882289576	569575424	679194789576	569837632	5075572	4258.354	3076.6953	2.5816	1271.4401	1.0664	45889.020505786	312500000	262184.375	317575572	266442.7188	AntPool
888294	00000000000000000000bcf8735a1b935f9f3bc93b5c107b34d6be22ad2b96b5	2025-03-18 06:01:46	2025-03-18 04:56:36	1624951	789559	3993628	760840192	2d598000	101101010110011000000000000000	81520a6f2c2b7febd949fa74cde364056dcc141813f8866c2750567b010085dd	2514731096	386040449	112149504190350	0000000000000000000000000000000000000000b5423cea3de3acecdfd2b1ed	03e68d0d1b4d696e656420627920416e74506f6f6c3936306500a1029060dc73fabe6d6d1f3eed0ba2a7a425bf5caf1407526dcaf8f2e8433e1ad81f3be70879b7f2c91f1000000000000000000040cf6c15010000000000	2913	2730	8376	8467	330537086909	277317312	330849586909	277579488	2946978	2472.4851	1814.1445	1.5219	738.27423	0.6192	59367.660379393	312500000	262184.375	315446978	264656.875	AntPool
888295	00000000000000000001f61b3550462b1351b610d0a8eb4340b833cc035e36e9	2025-03-18 06:14:24	2025-03-18 04:58:26	1384110	869878	3993744	682713088	28b16000	101000101100010110000000000000	69f1c88cdcaaa1c6f93363216ce76db01594e4cf5245f458c72fe1af83474a40	3900052055	386040449	112149504190350	0000000000000000000000000000000000000000b542a2ea7b3fd1d64e071e38	03e78d0d194d696e656420627920416e74506f6f6c204d00600294e51553fabe6d6d2c9fa7e5d4f5a9105300b407ae1ba85ee9c0ba0bb24bc0c5fa4eca776a7a818b0800000000000000000080dd660f010000000000	2112	1968	7792	5453	2122121142627	1780438400	2122433642627	1780700544	2915636	2446.1895	2107.2732	1.7678	730.3997	0.6125	6591.4949795145	312500000	262184.375	315415636	264630.5625	AntPool
888296	00000000000000000002367d810251feb142bb08890a135b55c54678739e4910	2025-03-18 06:15:10	2025-03-18 05:09:02	1540837	817433	3993136	556269568	21280000	100001001010000000000000000000	429da09060e3dd4b2fc01c168d6fd1d1b3b19497031e4e80c46478ed22e7ffe9	1007668165	386040449	112149504190350	0000000000000000000000000000000000000000b54308eab89bf6bfbc3b8a83	03e88d0d115768697465506f6f6c65010a07952bd890fabe6d6d20890263bba059b9576efaa16c6c5a78d5a787f37b289cbf92fbc93b940ff28410000000000000000000fdc4ba0f000000000000	625	602	8843	1570	6433118249	5397322	6745618249	5659506.5	1282676	1076.1523	832.68915	0.6989	321.35156	0.2693	8837.6315855234	312500000	262184.375	313782676	263260.5312	Unknown
888297	0000000000000000000248d9de13c14c77b76bae2c4e8482c4e6f747352c749b	2025-03-18 06:22:39	2025-03-18 05:11:40	1857848	711614	3992690	592592896	23524000	100011010100100100000000000000	a0d52b49c41498ff22b7f302f881589347c2c742e563b3c782cf740bd5d5f898	2837248401	386040449	112149504190350	0000000000000000000000000000000000000000b5436eeaf5f81ba92a6ff6ce	03e98d0d0f2f736c7573682fe500e3059756337ffabe6d6dbd9ddf9e90f49dc4f3061097358435ffc127acf4f6a8f72130dbfda1ab7c2eba100000000000000000007fec2800000000000000	1634	1551	10751	5203	175208637277	146998288	175521137277	147260480	2110807	1770.9459	1136.3876	0.9531	528.85333	0.4438	2487.3324608976	312500000	262184.375	314610807	263955.3125	SlushPool
888298	000000000000000000020892ba1ea44c392d899e2a7c1780111331ba7bc83875	2025-03-18 06:38:47	2025-03-18 05:49:10	1490797	834217	3993448	541065216	20400000	100000010000000000000000000000	45dc70aeb0948b0d6843c52461b69f716607830fa035f3cdcaf1a62e4a1af2ea	1954407762	386040449	112149504190350	0000000000000000000000000000000000000000b543d4eb3354409298a46319	03ea8d0d182f5669614254432f4d696e6564206279206d61696e62792f2cfabe6d6db5ccc79c44909ee699fabf6dc74b5483d7eaa2434c677d791cd97f88161cbf01100000000000000010834b0807ef91be74b1675cfde1bd000000000000	2736	2513	7942	7283	352224607002	295512928	352537107002	295775104	3162102	2652.9719	2121.6892	1.7803	792.1399	0.6645	145515.02127503	312500000	262184.375	315662102	264837.3438	ViaBTC
888299	00000000000000000000173ce186de21ac38a33d65ffe1dcad61eed4d9bb1ad2	2025-03-18 06:59:35	2025-03-18 06:01:46	1569631	807838	3993145	536920064	2000c000	100000000000001100000000000000	a877c0b93abcf7fc8bb6efeaefd21d2d69638104507076b27129d7ea76600448	4111120075	386040449	112149504190350	0000000000000000000000000000000000000000b5443aeb70b0657c06d8cf64	03eb8d0d1a2f5669614254432f4d696e65642062792062726f6b657231382f2cfabe6d6d501fa7f9129588d546589354d4b31f4c7f45248df0eefde304783e75871f0e47100000000000000010e14b2d01fe017b6d564ca47abb33270000000000	3457	3204	8045	9173	394017461919	330576704	394329961919	330838880	4122009	3458.3242	2626.8186	2.204	1032.6871	0.8667	127281.19653523	312500000	262184.375	316622009	265642.6875	ViaBTC
888300	00000000000000000000dc21499bddd00213b7634cd0f2121f13ed746041d7ce	2025-03-18 07:16:48	2025-03-18 06:14:24	1505140	829461	3993523	551550976	20e00000	100000111000000000000000000000	7b453cc726b26233730a3352432d3de648a7c795edaac57cb9b7f54da958783e	1688636421	386040449	112149504190350	0000000000000000000000000000000000000000b544a0ebae0c8a65750d3baf	03ec8d0d1d506f7765726564206279204c75786f72205465636868006d00ab371a52fabe6d6d2b80a0ef5f4a2cee4b2dfcb46c1663c1a8be5765ea73b2eaeba660c0536b356210000000000000000000a7eb006ae80100000000	2661	2455	8044	7512	483379473993	405550560	483691973993	405812736	3507060	2942.3882	2330.7974	1.9557	878.5848	0.7375	11229.943689127	312500000	262184.375	316007060	265126.75	Unknown
888301	000000000000000000028255bb7ba83275a7636105eeac2450a09d2dcf0d6229	2025-03-18 07:17:40	2025-03-18 06:15:10	1545368	815955	3993233	665018368	27a36000	100111101000110110000000000000	50c69d0ad6d04b5fde2657c4a2e7b2007e8e0747344062626e736a2fcef5eb87	3889249950	386040449	112149504190350	0000000000000000000000000000000000000000b54506ebeb68af4ee341a7fa	03ed8d0d0f2f736c7573682fe500c702ab659d17fabe6d6d1ff6bdd836827137a8a58bea11bd73fd5ea384ff6f8311f5264e72c0fbfdb76b100000000000000000009c0d0400000000000000	300	291	11511	597	2144748994	1799423	2457248994	2061607.375	1166717	978.8639	755.161	0.6334	292.276	0.245	1570.0481887662	312500000	262184.375	313666717	263163.25	SlushPool
888302	0000000000000000000261da12049b5e88cbc7036b8a69e9608ad34087e2733c	2025-03-18 07:19:43	2025-03-18 06:22:39	1996216	665641	3993139	828399616	31606000	110001011000000110000000000000	d44d65874b1ff3e08bfdb4e8f808e941889a7881c3fcffeee2b903b4b3b93b39	2016289596	386040449	112149504190350	0000000000000000000000000000000000000000b5456cec28c4d43851761445	03ee8d0d048f1ed9672f466f756e6472792055534120506f6f6c202364726f70676f6c642f140d8dbb000003a0fb000000	1006	951	13315	2867	68166729088	57191204	68479229088	57453388	1552937	1302.8986	778.1197	0.6527	389.07007	0.3264	34407.8542755	312500000	262184.375	314052937	263487.2812	Foundry USA Pool
888303	00000000000000000001162e294a372869cb55e0efa5b636abc34e0df75ec274	2025-03-18 07:21:44	2025-03-18 06:38:47	1994800	666087	3993061	603930624	23ff4000	100011111111110100000000000000	42743c3ac745d5c5a5165993a79d4b9dc49611e982eaed5a6407c22a23cf79d8	2512713810	386040449	112149504190350	0000000000000000000000000000000000000000b545d2ec6620f921bfaa8090	03ef8d0d1a2f5669614254432f4d696e656420627920736c6174797261752f2cfabe6d6d81a49642acbfee8c8df642aca615bb387e45369924554a87afe7312af4cae1131000000000000000105a4c310130afbaa1a20c25ce2622000000000000	750	695	12744	1915	40646055482	34101636	40958555482	34363820	1446425	1213.5361	725.2537	0.6083	362.38055	0.3037	139.59080951661	312500000	262184.375	313946425	263397.9062	ViaBTC
888304	0000000000000000000075776a846e9fad7a60e0458d1ecace52a561fee465f3	2025-03-18 07:22:08	2025-03-18 06:59:35	1866158	709008	3993182	631382016	25a22000	100101101000100010000000000000	43515d3b870f7422954b79c1bb3e4a2d232d077518416e01d173f1d2ab9da7f9	3343660225	386040449	112149504190350	0000000000000000000000000000000000000000b54638eca37d1e0b2ddeecdb	03f08d0d04201fd9672f466f756e6472792055534120506f6f6c202364726f70676f6c642f1e1029b7ae07000000000000	2215	2206	11803	6590	40538366266	34011284	40850866266	34273468	1275654	1070.261	683.7409	0.5739	319.59665	0.2685	31.721692150293	312500000	262184.375	313775654	263254.625	Foundry USA Pool
888305	0000000000000000000032db7b303fbd635d1fba70adc0fa4c75d9689f6af97e	2025-03-18 07:43:40	2025-03-18 07:16:48	1554035	813194	3993617	544530432	2074e000	100000011101001110000000000000	8f95bbbb014affba66ce99c66212c2ae612713f6feb70022f3b31ffbcc9991ee	1761422085	386040449	112149504190350	0000000000000000000000000000000000000000b5469eece0d942f49c135926	03f18d0d042c24d9672f466f756e6472792055534120506f6f6c202364726f70676f6c642f2e315e337724000000000000	3325	3060	7693	9795	517719897580	434361824	518032397580	434624000	4158167	3488.6606	2676.5151	2.246	1041.655	0.8742	59627.849828845	312500000	262184.375	316658167	265673.0312	Foundry USA Pool
888306	000000000000000000012b2cd0584229a6f21409dc67af659c4dc43fe0662f6f	2025-03-18 08:02:17	2025-03-18 07:17:40	1595920	799198	3993514	738197504	2c000000	101100000000000000000000000000	f4ad994034d5a56e9db75dd44cb840de4da696fb28c5b104379f481489d3400c	3048632904	386040449	112149504190350	0000000000000000000000000000000000000000b54704ed1e3567de0a47c571	03f28d0d172f5669614254432f4d696e656420627920797a6172792f2cfabe6d6db396ae2c89065cded54cb333051874870c5908a2851fe8f80aa7f90de4a0d71f100000000000000010194de305f80721d7fbe423e7b54e010000000000	3347	3113	8082	8276	449913274222	377472736	450225774222	377734912	3877740	3253.385	2430.4321	2.0387	971.3977	0.8147	91313.574856876	312500000	262184.375	316377740	265437.75	ViaBTC
888307	00000000000000000001e7191932b7ccff403dfb09c963f4e3c80e6d62fe219a	2025-03-18 08:32:45	2025-03-18 07:19:43	1583505	803357	3993576	537575424	200ac000	100000000010101100000000000000	ed32749476cce4964d274d6dad5e980ae3d44a2d3717767412cb21e88e2fd6ef	3153848578	386040449	112149504190350	0000000000000000000000000000000000000000b5476aed5b918cc7787c31bc	03f38d0d1b4d696e656420627920416e74506f6f6c393635b9000604c660b1bafabe6d6d2bb610d82877804d88fc5a3d7765291f1806d100ff3d8fc171c24ebd3bd38d4410000000000000006d9e00002569020000000000	3624	3249	8113	9213	716308447997	600975616	716620947997	601237824	5909204	4957.7632	3732.917	3.1319	1480.3876	1.2417	208468.47887086	312500000	262184.375	318409204	267142.125	AntPool
888308	00000000000000000001e7c341d115bf57f2b1dfa0bccbc13a22f251886a5f9f	2025-03-18 08:54:37	2025-03-18 07:21:44	1625014	789632	3993910	536895488	20006000	100000000000000110000000000000	20d8ee82b727a781f03f284776d6b6614e1c0642e3851a3d6183e2a877558400	2008641045	386040449	112149504190350	0000000000000000000000000000000000000000b547d0ed98edb1b0e6b09e07	03f48d0d1c4d696e656420627920416e74506f6f6c313032339c008c02ce320a59fabe6d6d5c1bdd6040d92185b5d2efeef5e779e5f35dc11c63e186209fcd9650ca1515b21000000000000000000064930360250000000000	3611	3313	8339	8742	768062265212	644396544	768374765212	644658752	4876372	4091.2273	3001.755	2.5186	1221.5392	1.0252	22372.70446231	312500000	262184.375	317376372	266275.5938	AntPool
888309	00000000000000000000c0e9c120a054e03cc296da215d20b93814fa2b75c78d	2025-03-18 09:15:00	2025-03-18 07:22:08	1641482	784122	3993848	537591808	200b0000	100000000010110000000000000000	0a44b57f49d84133e78eb17e28f62efaf5b92b7fc60183b643aeecd3f406ca76	227797631	386040449	112149504190350	0000000000000000000000000000000000000000b54836edd649d69a54e50a52	03f58d0d1b4d696e656420627920416e74506f6f6c3837343a000000d57b7af1fabe6d6d05a239b9cf710ec42a26dbb5d0df2f108a7a21584f9f7fb766083b60206271f210000000000000000000392ac199010000000000	3456	3152	8464	9432	483864386161	405957376	484176886161	406219552	5017194	4209.3755	3057.445	2.5648	1256.8335	1.0546	18116.170403787	312500000	262184.375	317517194	266393.75	AntPool
888310	00000000000000000001dca47a209b2126adf67c140636802323a6716de8abae	2025-03-18 09:25:08	2025-03-18 07:43:40	1737963	751978	3993897	649281536	26b34000	100110101100110100000000000000	9f29b9f24f8089c4c1c7efc78f9c366022cc8f791ac480268736bf1dc1130417	2591707300	386040449	112149504190350	0000000000000000000000000000000000000000b5489cee13a5fb83c319769d	03f68d0d194d696e656420627920416e74506f6f6c20b9001c06d91be2ddfabe6d6d28abc08233df4d67a647afd0d695b444ce3cf20a11600ae0584ee4c66eae03cb10000000000000000001248dd9db000000000000	2721	2472	8456	6282	206087901876	172905696	206400401876	173167872	3695753	3100.6997	2127.1023	1.7845	925.79236	0.7769	6611.014008897	312500000	262184.375	316195753	265285.0625	AntPool
888311	000000000000000000002b748ec9eefac26a330e5e2b8e33c23e50d5d116d33d	2025-03-18 09:39:25	2025-03-18 08:02:17	1687853	768648	3993797	615571456	24b0e000	100100101100001110000000000000	cf42dc5e93cdb2a6b58be281a0c9b240f7fdfa04acee454e0967af236e39f1ca	1779490364	386040449	112149504190350	0000000000000000000000000000000000000000b54902ee5102206d314de2e8	03f78d0d194d696e656420627920416e74506f6f6c204d002c03de370ed9fabe6d6d5a358302a16f95637fe2d6828534a4aa518b8fce4700f7ba7c57f7724f5ffe4a0800000000000000000052b24835010000000000	3024	2774	8127	7782	460754312178	386568256	461066812178	386830432	4891070	4103.5586	2898.6711	2.4322	1225.252	1.0278	39622.714743121	312500000	262184.375	317391070	266287.9375	AntPool
888312	00000000000000000000dd4a5da001f99799ac1359917c8698b2d1ec8905fb9d	2025-03-18 10:15:36	2025-03-18 08:32:45	1632217	787019	3993274	625950720	254f4000	100101010011110100000000000000	755b33049f8b6e69a6aa9804d911878a175462a1ee655d8f50307205cde26f1a	1726125413	386040449	112149504190350	0000000000000000000000000000000000000000b54968ee8e5e45569f824f33	03f88d0d04cb47d9677c204d415241204d61646520696e2055534120f09f87baf09f87b8207c763032fabe6d6ddb2a7077a011ca0cfb47dee6c4a3359312b6ab25bf1b9c5089f1faff07d8514f010000000000000013fb090de800ea1a0300ffffffff	3392	3028	8209	9148	817991465619	686286656	818303965619	686548864	6353229	5330.2954	3893.2273	3.2662	1591.4974	1.3348	117508.98648785	312500000	262184.375	318853229	267514.6562	Unknown
888313	0000000000000000000261aa2462c0c64ff54c46c46cf1c7abba32beffc690dd	2025-03-18 10:20:52	2025-03-18 08:54:37	1685592	769354	3993654	697073664	298c8000	101001100011001000000000000000	9d7a97a2759fa28b2c63c6c417c784229c3e08148690fd41f93d5f04d2e10ead	3521573995	386040449	112149504190350	0000000000000000000000000000000000000000b549ceeecbba6a400db6bb7e	03f98d0d1d506f7765726564206279204c75786f72205465636868004d03ed0b22f3fabe6d6dbb93cf2fd17771a5535e6a5976fa5b3569ae9c0fd7bfb58e63cf94b774a0504f10000000000000000000a0080000000000000005	3406	3215	8272	8523	307667347757	258129824	307979847757	258392016	3125993	2622.6768	1855.0643	1.5563	783.0946	0.6569	28331.384549306	312500000	262184.375	315625993	264807.0625	Unknown
888314	00000000000000000000b0c55c39ad806e0dde6e8215a87c0512e298ae1865ed	2025-03-18 10:27:32	2025-03-18 09:15:00	1599327	798042	3993453	573341696	222c8000	100010001011001000000000000000	3e752f38128c45e35362442cfde447f971282f4a72a32c396a9a31f0ef09b67a	657755155	386040449	112149504190350	0000000000000000000000000000000000000000b54a34ef09168f297beb27c9	03fa8d0d04954ad9672f466f756e6472792055534120506f6f6c202364726f70676f6c642f290d602efc0a000000000000	2075	1799	8103	4853	259333373444	217578112	259645873444	217840288	2322675	1948.701	1452.7006	1.2191	581.8731	0.4883	30234.253176476	312500000	262184.375	314822675	264133.0625	Foundry USA Pool
888315	00000000000000000002078cd03e5824a21bcf167b5da7ec1ab976242fe75b66	2025-03-18 10:47:44	2025-03-18 09:25:08	1647092	782180	3993632	624746496	253ce000	100101001111001110000000000000	7ec85bfb07696232e17ef5afd20f0940f5af5df3421ce198a23d359326c2c006	3555557509	386040449	112149504190350	0000000000000000000000000000000000000000b54a9aef4672b412ea1f9414	03fb8d0d04504fd9672f466f756e6472792055534120506f6f6c202364726f70676f6c642f2300f060000005970b030000	3041	2722	8931	7581	519150412956	435562016	519462912956	435824192	4528807	3799.6238	2750.3455	2.3072	1134.4991	0.9514	21872.880198022	312500000	262184.375	317028807	265984	Foundry USA Pool
888316	0000000000000000000011ccf33ec7b6f87159af86563808b47462f99387aac8	2025-03-18 10:53:03	2025-03-18 09:39:25	1274761	907673	3997780	574685184	22410000	100010010000010000000000000000	5f31cbc439c55981130696312209ee4e7af412a93c2115820870e888c3342adc	664471883	386040449	112149504190350	0000000000000000000000000000000000000000b54b00ef83ced8fc5854005f	03fc8d0d2cfabe6d6d44fa20ceb239949d8ff16d0727e8b94e480ac95a27e1b9ab6dbfd797cd01c38610000000f09f909f092f4632506f6f6c2f6c00000000000000000000000000000000000000000000000000000000000000000000000500c3000000	1852	1704	7090	4849	117220163266	98346544	117532663266	98608728	2754533	2311.0256	2161.7864	1.8139	689.3888	0.5781	13114.715187336	312500000	262184.375	315254533	264495.4062	F2Pool
888317	000000000000000000012bf9bf2d2d24396a66a6e10d74dfc7ad4a9cd3bf7ff9	2025-03-18 10:57:32	2025-03-18 10:15:36	1199398	932917	3998149	655785984	27168000	100111000101101000000000000000	5cb292ede0842f5451f58e0929f2a5ebce11085df10754e744e3e2cdd00e67a5	1245199174	386040449	112149504190350	0000000000000000000000000000000000000000b54b66efc12afde5c6886caa	03fd8d0d2cfabe6d6d1dfd6540d07f3d10537de4f580709306f84725c2e5fe9604b75d4ff83bf8c1c210000000f09f909f092f4632506f6f6c2f670000000000000000000000000000000000000000000000000000000000000000000000050051014b00	1194	1083	7031	3492	167363876139	140416624	167676376139	140678800	1921234	1611.8961	1602.5908	1.3449	480.7911	0.4036	38480.42158117	312500000	262184.375	314421234	263796.2812	F2Pool
888318	00000000000000000001a818f3bcd9610ae10ce56fca6fb4b9b6ffec49843d45	2025-03-18 11:23:09	2025-03-18 10:20:52	1555771	812581	3993514	536920064	2000c000	100000000000001100000000000000	a5275c8a2fc3e1f7aa36168e9c6f51fc669e9dc5be761ce880b26c1310228dc9	482323742	386040449	112149504190350	0000000000000000000000000000000000000000b54bcceffe8722cf34bcd8f5	03fe8d0d194d696e656420627920416e74506f6f6c206501340103513601fabe6d6d5c49a8e360f35d430ab8ffe3c918f3612c4d2e8e5bac764f517b324d0c4a062110000000000000000000becbd3e34b0000000000	4063	3714	7328	11293	853773315784	716307264	854085815784	716569472	4825215	4048.3071	3102.4995	2.6025	1208.8405	1.0143	99319.711278844	312500000	262184.375	317325215	266232.6875	AntPool
888319	00000000000000000000965ac182f5abfcd421430b13c507eca2388d817bb8af	2025-03-18 11:27:13	2025-03-18 10:27:32	1520080	824543	3993709	664035328	27946000	100111100101000110000000000000	766251c6228e5457eb700e951263bac603e25a6c07264157a6acd8f535099990	2350159722	386040449	112149504190350	0000000000000000000000000000000000000000b54c32f03be347b8a2f14540	03ff8d0d1c4d696e656420627920416e74506f6f6c3937314d00120204c4b70701fabe6d6de5418c2b850e7d9f6a74834111db98195dbbe3603235e7b35481e093e133c2820800000000000000000063deb053000000000000	2283	2098	7682	6124	150152225986	125976216	150464725986	126238400	2502434	2099.5171	1646.8008	1.3818	626.8954	0.526	9586.6563682993	312500000	262184.375	315002434	264283.9062	AntPool
888320	0000000000000000000158bf92e38e1916b929e30b9a315064fdc527d3382806	2025-03-18 11:56:23	2025-03-18 10:47:44	1551519	815417	3997770	835543040	31cd6000	110001110011010110000000000000	637a31454aff9d90078ea2b37de706300b98391490d2e88db9d5890fae6023bb	3179611431	386040449	112149504190350	0000000000000000000000000000000000000000b54c98f0793f6ca21125b18b	03008e0d2cfabe6d6d2c740d2aaea5d04677c1b394d09ae2f0307db7b960f8fdc28aba48ebcfb6714410000000f09f909f092f4632506f6f6c2f6200000000000000000000000000000000000000000000000000000000000000000000000500b56f0200	4098	3749	7310	11021	1027474575024	862040896	1027787075024	862303104	5609253	4706.1069	3616.6538	3.0346	1403.8553	1.1779	66840.8205657	312500000	262184.375	318109253	266890.4688	F2Pool
888321	000000000000000000013accbc0dd467dcebfb791b0be58214f44602adaa4c42	2025-03-18 11:57:48	2025-03-18 10:53:03	1491073	834173	3993592	805306368	30000000	110000000000000000000000000000	1a8d5f00e69b7b72bb81032d681e00356385837614a285092ed8be4440afa9f0	793666050	386040449	112149504190350	0000000000000000000000000000000000000000b54cfef0b69b918b7f5a1dd6	03018e0d04bc5fd9672f466f756e6472792055534120506f6f6c202364726f70676f6c642f4f2c2fd800002648aac60300	2288	2102	7974	5971	199487852035	167368320	199800352035	167630496	8222444	6898.5483	5516.1494	4.6279	2059.8027	1.7283	13439.630796146	312500000	262184.375	320722444	269082.9375	Foundry USA Pool
888322	000000000000000000024e61b4cd8cc4990e030d24aa41d524f9ee643e1b02fb	2025-03-18 12:09:48	2025-03-18 10:57:32	1672532	773686	3993590	623345664	25278000	100101001001111000000000000000	76adc21d90ace2a5ed1996b431a54212474d1628c6111a1e0d0a54ff9de8d6cf	470111563	386040449	112149504190350	0000000000000000000000000000000000000000b54d64f0f3f7b674ed8e8a21	03028e0d1a4d696e656420627920416e74506f6f6c20b9000d0313ff45cb01fabe6d6df2419043428c216928ffe37b0cfbd170c07bb8064f3a3e2e57007007621070fa100000000000000000004dbe6c13000000000000	2835	2600	8576	8114	666645314024	559308736	666957814024	559570944	4245032	3561.5393	2538.8538	2.1302	1063.4706	0.8918	24093.455579445	312500000	262184.375	316745032	265745.9062	AntPool
888323	000000000000000000002dfbe0277dd6b93ad896e87eaea998d87e3d4372511a	2025-03-18 12:30:32	2025-03-18 11:23:09	1596337	799025	3993412	657948672	27378000	100111001101111000000000000000	fe893ab3a309e8cb6006d84734107c39e49e548240da73ed20caaecd87ea9083	1347166486	386040449	112149504190350	0000000000000000000000000000000000000000b54dcaf13153db5e5bc2f66c	03038e0d20202020204d696e656420627920536563706f6f6c20202020700002021b69b98cfabe6d6dba97b373d5f7ee4f7c6e15a59be1611604a34a67918442d156103d54e725daa710000000000000000000727c3ac50100	3658	3338	7720	10396	526500942079	441729024	526813442079	441991200	4791007	4019.6069	3002.1494	2.5186	1200.2699	1.0068	31001.787864879	312500000	262184.375	317291007	266203.9688	Unknown
888324	0000000000000000000051d800227d9bf75867b80d0737ce548a802863d5fe6c	2025-03-18 12:32:44	2025-03-18 11:27:13	1430359	854507	3993880	747175936	2c890000	101100100010010000000000000000	6f79fe711e7409d2d0780a00c242c60296a3f5cef390e0cdc4843a37d706826f	403188388	386040449	112149504190350	0000000000000000000000000000000000000000b54e30f16eb00047c9f762b7	03048e0d194d696e656420627920416e74506f6f6c204d007d041c32c300fabe6d6d8d928c74f1ff360b52337815aa31cba0c4a61b208cefb14fe6d292064d728b320800000000000000a13301006724000000000000	2436	2361	6473	6194	98827366734	82915176	99139866734	83177360	3641287	3055.0034	2546.6128	2.1369	912.15247	0.7652	21587.315488241	312500000	262184.375	316141287	265239.375	AntPool
888325	000000000000000000020813fe493b442141460a96d9db929c657b6dfe25c65a	2025-03-18 12:37:07	2025-03-18 11:56:23	1177335	938556	3993003	636477440	25efe000	100101111011111110000000000000	3add21ece54694c9c7d26a92da7c0a60cef4350cef597ffe4ee7d25ad4467e14	1932982917	386040449	112149504190350	0000000000000000000000000000000000000000b54e96f1ac0c2531382bcf02	03058e0d04f568d9677c204d415241204d61646520696e2055534120f09f87baf09f87b8207c763032fabe6d6d4385a2aec2e84b57c678f17370d838884e8ce502f5f9e3694a6285c9b556058f0100000000000000143747374700e55b0000ffffffff	1291	1178	6950	3046	98774846643	82871112	99087346643	83133296	2312778	1940.3976	1965.0021	1.6486	579.39514	0.4858	9225.7502625102	312500000	262184.375	314812778	264124.7812	Unknown
888326	0000000000000000000169a59f09adf45d1d36f62cf713b8dcdefe25562161de	2025-03-18 12:37:45	2025-03-18 11:57:48	1070330	974486	3993788	793042944	2f44e000	101111010001001110000000000000	ffea78641143ae97d0828f983af905f9d6d984ccb50d8f3c73ca7a5d70192918	583877149	386040449	112149504190350	0000000000000000000000000000000000000000b54efcf1e9684a1aa6603b4d	03068e0d1b4d696e6564206279204c75786f72205465636868002f031dfef90ffabe6d6d5db350dcab0690bda93d56a1dd8095c73659a2b6b24473f7e63f81af3467f7c510000000000000000000f23e0028020000000000	222	200	7048	483	9522514630	7989294.5	9835014630	8251479	1366579	1146.5461	1277.3497	1.0714	342.32974	0.2869	3831.0039472432	312500000	262184.375	313866579	263330.9062	Unknown
888327	000000000000000000009bb6f99dbbb13dc53ee50ea0cd086d57748ee194a6c6	2025-03-18 12:40:06	2025-03-18 12:09:48	1134826	952959	3993703	536870912	20000000	100000000000000000000000000000	4a43e8a73ca71b78be72f1ae10a6ff811ab5d35afb8c22fd6dad8e88fade08be	598918160	386040449	112149504190350	0000000000000000000000000000000000000000b54f62f226c46f041494a798	03078e0d1462696e616e63652f313031316500fd071ed5ac90fabe6d6d2271c1c915db2cdfa5b2fa5e9e6d28bfe6091e23859e69bf7735ef29c331d1ad100000000000000000003604aea9100000000000	813	741	6825	1900	50911320626	42714088	51223820626	42976272	1818908	1526.0457	1603.4719	1.3449	455.64615	0.3826	6761.6382865202	312500000	262184.375	314318908	263710.4062	Binance
888328	000000000000000000010ea3f3d6dd758b50e39688481141475f9c966326caf9	2025-03-18 12:48:19	2025-03-18 12:30:32	1496355	832386	3993513	551550976	20e00000	100000111000000000000000000000	129c421601a84dc385d4d77202916c16e59f42abafe27728343c508c907a0061	3756203827	386040449	112149504190350	0000000000000000000000000000000000000000b54fc8f2642093ed82c913e3	03088e0d20202020204d696e656420627920536563706f6f6c202020207000270521c52e98fabe6d6dc038233526a68939ebbf71abe625327cafe95b6c19e052edf6d0f539d8836f0e10000000000000005688000007a10000	2214	1992	7781	7785	354127398198	297109344	354439898198	297371520	3152443	2644.8682	2107.4214	1.7678	789.7477	0.6628	18283.891431037	312500000	262184.375	315652443	264829.25	Unknown
888329	00000000000000000001e06fc6f17ce7965d0907441b8835d0000c44259a7aff	2025-03-18 12:51:51	2025-03-18 12:32:44	1587747	801905	3993462	660668416	27610000	100111011000010000000000000000	f6a881ff93d7d56fa26c8732fb3e179af78801fefa255a94c481e8e7684ddb9a	1913674005	386040449	112149504190350	0000000000000000000000000000000000000000b5502ef2a17cb8d6f0fd802e	03098e0d194d696e656420627920416e74506f6f6c20650086012309b764fabe6d6dc4fd11b7201c1321407022d634e44341e3070bbf0a298d7d62690d8e7c920c1710000000000000000000a4809300000000000000	1625	1558	10499	3749	288833197240	242328160	289145697240	242590352	1699095	1425.5237	1070.4694	0.8977	425.67255	0.3574	65449.738896449	312500000	262184.375	314199095	263609.9062	AntPool
888330	00000000000000000001935ddd72b207d744d03e6040d7a156b81697159f3979	2025-03-18 13:14:20	2025-03-18 12:37:07	1598243	798486	3993701	665632768	27acc000	100111101011001100000000000000	eefe7b8cd37cecc5ea2368d87d14ae6dc51e8f3ade42c0eb4834cf24b58f543a	686546479	386040449	112149504190350	0000000000000000000000000000000000000000b55094f2ded8ddc05f31ec79	030a8e0d04ac71d9672f466f756e6472792055534120506f6f6c202364726f70676f6c642f1b29e2aa16c6220000000000	3900	3592	7488	10910	1075103840986	902001344	1075416340986	902263552	5853107	4910.6982	3663.2678	3.0732	1466.2206	1.23	44526.364897947	312500000	262184.375	318353107	267095.0625	Foundry USA Pool
888331	000000000000000000021dab66cf25897eab669c4bc5d0f1542dd4ead6d843c4	2025-03-18 13:32:05	2025-03-18 12:37:45	1605000	797719	3998157	738197504	2c000000	101100000000000000000000000000	1e92ce427f21b7352a58a5f279687c619d815a9e7038e5438f0009a9f4256aa8	3228318189	386040449	112149504190350	0000000000000000000000000000000000000000b550faf31c3502a9cd6658c4	030b8e0d2cfabe6d6d0bac68179cd928de35f2ba24359ec5a6f949b558460ae45aeb17621da8a875a010000000f09f909f092f4632506f6f6c2f6700000000000000000000000000000000000000000000000000000000000000000000000500155d4b00	3494	3199	7992	10690	738839841748	619879232	739152341748	620141440	5037805	4226.668	3139.9304	2.6344	1260.7141	1.058	15053.898178061	312500000	262184.375	317537805	266411.0312	F2Pool
888332	0000000000000000000225fedd06cbc0c3b623b9eb5e975e2e7a673f1aee2032	2025-03-18 13:32:26	2025-03-18 12:40:06	1377972	871835	3993477	570425344	22000000	100010000000000000000000000000	9470eab668cc0693a3c2e9f0109c472326e672fa1a0a863174ba7dfd34edcd94	1153487821	386040449	112149504190350	0000000000000000000000000000000000000000b55160f3599127933b9ac50f	030c8e0d182f5669614254432f4d696e656420627920696772786f6d2f2cfabe6d6d00f15e67496d963110a5c090d9b434a586a3174937f6d0c560b1b739ce6c5a64100000000000000010c93320032fc821555e8cf4eea747010000000000	1762	1658	6948	4819	37078307537	31108330	37390807537	31370514	1659060	1391.9347	1204.36	1.0101	415.609	0.349	56506.381502702	312500000	262184.375	314159060	263576.3125	ViaBTC
888333	000000000000000000002525ce056f2a6c36374c699c7398d53085adffaa708b	2025-03-18 13:33:47	2025-03-18 12:48:19	1032043	987180	3993583	537755648	200d8000	100000000011011000000000000000	13cf9d58925232f8bd158905676b21646f06ad17195c933d361d7497abb0b41c	376671141	386040449	112149504190350	0000000000000000000000000000000000000000b551c6f396ed4c7ca9cf315a	030d8e0d1b4d696e656420627920416e74506f6f6c3837343a00000032091dbbfabe6d6d30c019c1f8a5ee4f93ebdf351ecb2cb7f209ffb5699aa249c01c1b47eccf6a0c1000000000000000e32b0000952c000000000000	351	260	6802	688	84945004869	71268008	85257504869	71530192	3433335	2880.5337	3328.3682	2.7922	860.1256	0.7215	28663.849338795	312500000	262184.375	315933335	265064.9062	AntPool
888334	0000000000000000000024a78147c2adc5b195815250d19b21afaa11d8f06ea2	2025-03-18 13:53:44	2025-03-18 12:51:51	1621512	792168	3998016	889536512	35054000	110101000001010100000000000000	7c7e46e0c0107ca14f6b2dd54067171b6ac3a940907708e1ac31b5195e334210	2517347722	386040449	112149504190350	0000000000000000000000000000000000000000b5522cf3d449716618039da5	030e8e0d2cfabe6d6d707befd675863bd4d5e74d04b034285b1e85ff72d3ae1a6535794684e071acb010000000f09f909f092f4632506f6f6c2f6c0000000000000000000000000000000000000000000000000000000000000000000000050014e1ec1a	3774	3438	7819	10234	992517519339	832712256	992830019339	832974464	5776518	4846.4409	3563.6753	2.9902	1445.6287	1.2132	40612.395074124	312500000	262184.375	318276518	267030.8125	F2Pool
888335	0000000000000000000191cf5756080a97eec44b11bb9f88562d14eaf07c5b36	2025-03-18 13:57:28	2025-03-18 13:14:20	1360261	877821	3993724	537034752	20028000	100000000000101000000000000000	c65f90507ac439e20b14235f7000eb8ba36e1ad652f5740f3454dbc6eaa13499	2196767412	386040449	112149504190350	0000000000000000000000000000000000000000b55292f411a5964f863809f0	030f8e0d1b4d696e656420627920416e74506f6f6c3837333a0001003a80fb43fabe6d6d1801905a38a4ef84e27448b34f974cbf65167d2cfe3751a721faf3482f292bfd1000000000000000f67a0000cf55000000000000	2117	1955	7404	4369	145017536875	121668264	145330036875	121930448	2433164	2041.4003	1789.4136	1.501	609.5393	0.5118	31336.398982058	312500000	262184.375	314933164	264225.7812	AntPool
888336	00000000000000000002363bc416462e37618e5ddb1cf6b8b83bf4fb19a44355	2025-03-18 14:07:29	2025-03-18 13:32:05	1546675	815740	3993895	756113408	2d116000	101101000100010110000000000000	b960f7fc355aa81100679b2e8b72c5b1b80fb6362d19ee140446f2235d526220	703340620	386040449	112149504190350	0000000000000000000000000000000000000000b552f8f44f01bb38f46c763b	03108e0d1b4d696e656420627920416e74506f6f6c3837333a0001013e155ec3fabe6d6de27911f3efd3e1dccd6b3f5a044d655969a279c0180801a77049b71ce8fa1d931000000000000000ae11000041d8000000000000	2645	2465	7713	7768	451392017799	378713376	451704517799	378975584	3458888	2901.9724	2237.0698	1.8768	866.4595	0.7266	17774.290874747	312500000	262184.375	315958888	265086.3438	AntPool
888337	0000000000000000000175ae3749a5f5f3cfd0ce2efba130d085cbcc9734262c	2025-03-18 14:16:08	2025-03-18 13:32:26	1639308	784781	3993651	549453824	20c00000	100000110000000000000000000000	30da166b39fc35d76a7b339f99aa4c376541d97593e5488f796f956d187bfe9d	3291590415	386040449	112149504190350	0000000000000000000000000000000000000000b5535ef48c5de02262a0e286	03118e0d1b4d696e656420627920416e74506f6f6c3832399c016b01412d232afabe6d6d8e5a0a8223e477f5caabf430f9a99d04b7eb45b6cc7f27b079cfd7a6d1234ee51000000000000000813800005fe3020000000000	2340	2145	8949	6301	589580153933	494651840	589892653933	494914048	3345785	2807.0801	2041.6041	1.7132	838.17816	0.7031	33895.491212987	312500000	262184.375	315845785	264991.4688	AntPool
888338	00000000000000000001e6a82026461ba269ab09a2fc68774d170c246fb94483	2025-03-18 14:18:14	2025-03-18 13:33:47	1762349	743728	3993533	618774528	24e1c000	100100111000011100000000000000	c3e5614453bafe93e1848af611a14b0bd2f3d332de2121927f0d30be280a85a2	1806145557	386040449	112149504190350	0000000000000000000000000000000000000000b553c4f4c9ba050bd0d54ed1	03128e0d04bb80d967537069646572506f6f6c2f7573383838382ffabe6d6dccc9f0b9f6a6468062d0e45980bfb97078ce133dca11954dfb77957d09889e0e0100000000000000099549ae031133e3382c000000000000	2588	2542	9383	8248	113978900858	95627160	114291400858	95889344	1470357	1233.6149	834.5159	0.7006	368.32986	0.3087	1059.4558628318	312500000	262184.375	313970357	263418	SpiderPool
888339	00000000000000000001f126563c751248ea7886fb5409eca871a153642aa4f3	2025-03-18 14:20:58	2025-03-18 13:53:44	1810269	729237	3997980	536928256	2000e000	100000000000001110000000000000	7312b1ee9e910046f6429c61e6e7eac4c91d303ad3562524302b8634663f7853	1488324802	386040449	112149504190350	0000000000000000000000000000000000000000b5542af5071629f53f09bb1c	03138e0d2cfabe6d6d43fff90c308d2dbd3f5c43dea32aaa0f9a0d04e02fcd7394b3689987962e49a010000000f09f909f092f4632506f6f6c2f6b0000000000000000000000000000000000000000000000000000000000000000000000050060030000	3976	3920	7262	10568	80453320362	67499528	80765820362	67761712	1688924	1416.9904	933.26135	0.7828	422.67313	0.3549	15083.562556346	312500000	262184.375	314188924	263601.375	F2Pool
888340	0000000000000000000121001f95bebab3e2744b0064cc6bc71d4fbefa37b0de	2025-03-18 14:44:07	2025-03-18 13:57:28	1422818	856991	3993791	567869440	21d90000	100001110110010000000000000000	87fe8b36bcd34976812cada604ea27ebc3334b0e5d48daa798d69aeb95fd9984	2262237387	386040449	112149504190350	0000000000000000000000000000000000000000b55490f544724edead3e2767	03148e0d194d696e656420627920416e74506f6f6c204d0061024b300e16fabe6d6d20e18aa7791db13c05bd5213186cbc0264a5fb627e2e1c27d93afc4a221a847708000000000000000000c280f4f8010000000000	2579	2246	7394	8283	1261152811711	1058094592	1261465311711	1058356800	5325918	4468.3921	3744.5444	3.142	1334.1869	1.1192	361744.9640369	312500000	262184.375	317825918	266652.7812	AntPool
888341	000000000000000000013e2364141da7318c2ff3a23cc10a6c4e80d401c2bb98	2025-03-18 14:48:07	2025-03-18 14:07:29	1638281	785128	3993665	587071488	22fe0000	100010111111100000000000000000	8899977f13124a0a12688c6b7c7f3b294d30ec82fabc9896603d003a66309140	3065694378	386040449	112149504190350	0000000000000000000000000000000000000000b554f6f581ce73c81b7293b2	03158e0d04a787d9672f466f756e6472792055534120506f6f6c202364726f70676f6c642f440049cec959000000000000	4222	4002	7462	10460	468094475371	392726592	468406975371	392988768	2955882	2479.9553	1804.765	1.5144	740.4638	0.6209	38737.426201827	312500000	262184.375	315455882	264664.3438	Foundry USA Pool
888342	0000000000000000000173f61267adb1a6d6cfe6b6ff947b69b7266856ff35a8	2025-03-18 14:53:50	2025-03-18 14:16:08	1595088	799365	3993183	973078528	3a000000	111010000000000000000000000000	1c69440b074793387954bfe58a9cc0d1c3f2309b9e2329aa59c598a5706a9855	919586252	386040449	112149504190350	0000000000000000000000000000000000000000b5555cf5bf2a98b189a6fffd	03168e0d1c2f5669614254432f4d696e656420627920323032303338363831312f2cfabe6d6d1f4aac92ea577a3bc75d35869a8b744495f2e20a361e787821472d74134976ba100000000000000010b554dd0532b120ef173a7c76a951100000000000	2649	2512	7515	6434	1051156611994	881909888	1051469111994	882172096	2723714	2285.1687	1708.025	1.433	682.3671	0.5722	70615.875715847	312500000	262184.375	315223714	264469.5312	ViaBTC
888343	000000000000000000009216634d2a320acd8bd0219914d6c9f7693d7cd02cbc	2025-03-18 15:02:18	2025-03-18 14:18:14	1401982	863832	3993478	542334976	20536000	100000010100110110000000000000	c953b9062fbb1fd074c6ec5b32b6e015d1515434ed541aee125272cef7ac56ba	2037783159	386040449	112149504190350	0000000000000000000000000000000000000000b555c2f5fc86bd9af7db6c48	03178e0d04fb8ad9672f466f756e6472792055534120506f6f6c202364726f70676f6c642f470ff34a24ba000000000000	2435	2233	7198	6451	380907454586	319577536	381219954586	319839744	2910294	2441.7075	2076.524	1.7426	729.07794	0.6116	128700.7256554	312500000	262184.375	315410294	264626.0938	Foundry USA Pool
888344	00000000000000000001483f2bdb4a64c74ac5c08252c0a9023ddf5df189fba1	2025-03-18 15:16:10	2025-03-18 14:20:58	1718453	758415	3993698	603258880	23f50000	100011111101010000000000000000	24fa3e76dc9a725002d4a13b874bcc30c0576f8df49ec18175c9d0742695ed1b	724534110	386040449	112149504190350	0000000000000000000000000000000000000000b55628f639e2e284660fd893	03188e0d043a8ed9672f466f756e6472792055534120506f6f6c202364726f70676f6c642f360061553532010000000000	3444	3193	8141	9149	778063333025	652787328	778375833025	653049536	4413328	3702.738	2568.886	2.1554	1105.5525	0.9279	81935.498855047	312500000	262184.375	316913328	265887.125	Foundry USA Pool
888345	00000000000000000002683cdb4d1840b6508ef21de5b41efe6fe029a74eb966	2025-03-18 15:26:46	2025-03-18 14:44:07	1715000	759545	3993635	719831040	2ae7c000	101010111001111100000000000000	87c3c1333be96792ebace582ab72feb534ef616a4e32b5f2681f99d6f0ac4dd7	2916312748	386040449	112149504190350	0000000000000000000000000000000000000000b5568ef6773f076dd44444de	03198e0d04b690d9672f466f756e6472792055534120506f6f6c202364726f70676f6c642f190fc35c6de4000000000000	3528	3288	7371	9717	674082479834	565548480	674394979834	565810624	4087056	3428.999	2383.7625	2.0002	1023.8365	0.8591	22158.614993866	312500000	262184.375	316587056	265613.375	Foundry USA Pool
888346	00000000000000000001a34f704d0635929030640073ea9e36aea6c7acb5221a	2025-03-18 15:33:22	2025-03-18 14:48:07	1505360	829495	3993845	601849856	23df8000	100011110111111000000000000000	0c0c517a2ef3774ca0d2a6452b7c56b0d7e973902c14164ed93f5120ee8cafd4	3079971182	386040449	112149504190350	0000000000000000000000000000000000000000b556f4f6b49b2c574278b129	031a8e0d1a4d696e656420627920416e74506f6f6c20650013045ccc89ab01fabe6d6df58e60a9869e596411d8446fa49b70607fe3643b24b003b200a1ce8aae54f88f1000000000000000000098c21d01000000000000	2908	2794	6724	7808	333453412702	279764064	333765912702	280026272	2601451	2182.5913	1728.7054	1.4506	651.677	0.547	13981.444472821	312500000	262184.375	315101451	264366.9688	AntPool
888347	000000000000000000020f0429600aead380aeaa4884d68f496ad075b1bed368	2025-03-18 15:40:35	2025-03-18 14:53:50	1536365	819094	3993647	552763392	20f28000	100000111100101000000000000000	2a27ec51d70eaea1d1a27d2c2fe4b05cc5f48e02a6c5861cf41a0dd3180bdd35	3207943372	386040449	112149504190350	0000000000000000000000000000000000000000b5575af6f1f75140b0ad1d74	031b8e0d04f393d9672f466f756e6472792055534120506f6f6c202364726f70676f6c642f0a1bad084d2b000000000000	3386	3204	6651	9014	842137776308	706545152	842450276308	706807360	2848800	2390.1147	1854.8022	1.5563	713.64246	0.599	12488.717186167	312500000	262184.375	315348800	264574.5	Foundry USA Pool
888348	00000000000000000001db8033f6cd31d6f5792f431a61699c819ae4fca3de36	2025-03-18 15:41:24	2025-03-18 15:02:18	1709622	761318	3993576	677822464	2866c000	101000011001101100000000000000	7a5f547dbdc72de8da6e6a76e1d9a505255ee310fcea0853d4db93f4a08920ad	3241053518	386040449	112149504190350	0000000000000000000000000000000000000000b557c0f72f53762a1ee189bf	031c8e0d182f5669614254432f4d696e6564206279206c617a696f332f2cfabe6d6da36c30ec09c77c460c29ebb097873001143c1300b50a8c43bb3f91518d92e7e2100000000000000010a855ce0074e56fd25403353a3b00000000000000	3718	3688	6605	11134	27553324197	23116964	27865824197	23379148	1396872	1171.9617	817.2689	0.6855	349.91995	0.2936	35909.953708494	312500000	262184.375	313896872	263356.3438	ViaBTC
888349	000000000000000000016bdfafd384f32385358aa49118b086f9dda02a4cffb6	2025-03-18 16:07:24	2025-03-18 15:16:10	1622053	790587	3993814	561528832	21784000	100001011110000100000000000000	d3261881e3077b7755556b5269eebc4910cd42c8259ecc6ee78da39f70ff1c1e	2021405739	386040449	112149504190350	0000000000000000000000000000000000000000b55826f76caf9b138d15f60a	031d8e0d1b4d696e656420627920416e74506f6f6c3937304d00430168f89754fabe6d6d09e54f76f1b6fcc3c09fc0d1dfb9bb9917bdb4c29ce31f5dad57910be40060c5080000000000000000010a7bf632020000000000	3284	2914	8024	9836	973972729688	817153408	974285229688	817415552	6444947	5407.2461	3974.567	3.335	1614.507	1.355	261527.70190496	312500000	262184.375	318944947	267591.625	AntPool
888350	000000000000000000016e19de57d3912223e3ab2ab0db39176ec3729e4aa138	2025-03-18 16:25:12	2025-03-18 15:26:46	1661151	777457	3993522	537354240	20076000	100000000001110110000000000000	e16a3064c7a62738dc7a5b6764222643513e3ab9077232464135b0e9d7115f21	993395494	386040449	112149504190350	0000000000000000000000000000000000000000b5588cf7aa0bbffcfb4a6255	031e8e0d115768697465506f6f6c6500a6006f5603c3fabe6d6dafc50677d547f6417bf47364a1838f8581ffb22df2cd281bf698b6b35d31cb4410000000000000000000b45507f5010000000000	3121	2800	8289	9767	649042889366	544540480	649355389366	544802688	5387014	4519.6509	3243.79	2.7217	1349.4896	1.1318	70654.901819969	312500000	262184.375	317887014	266704.0312	Unknown
888351	000000000000000000002e96b43653678a87d44dd53507942322f9236c530d3c	2025-03-18 16:53:46	2025-03-18 15:33:22	1546790	815608	3993614	706625536	2a1e4000	101010000111100100000000000000	48cf0588a206dc928aa2731a1879915cc50bfb378350332c1e59b3b4c4568da1	3667808292	386040449	112149504190350	0000000000000000000000000000000000000000b558f2f7e767e4e6697ecea0	031f8e0d1a4d696e656420627920416e74506f6f6c20b9003207798e0a4102fabe6d6de84beeb3b59331da4a4fcd68a5ff563900b7483b635f5eb6c585185dd7a2cb6a10000000000000000000095d156a020000000000	3296	2828	7613	10415	714143340090	599159104	714455840090	599421312	6733891	5649.667	4354.8833	3.6538	1686.9724	1.4154	228511.17548696	312500000	262184.375	319233891	267834.0312	AntPool
888352	000000000000000000013e0a2a2934eb6f20775ab2b06e95bbf44f8c5cb3a06e	2025-03-18 17:11:26	2025-03-18 15:40:35	1562124	810306	3993042	586293252	22f22004	100010111100100010000000000100	f0f4c29ffd69f33b1c81cb5cffc5f9bec7cbadc3cea58b8f836e8b9dffb40ac5	4028107091	386040449	112149504190350	0000000000000000000000000000000000000000b55958f824c409cfd7b33aeb	03208e0d043ea9d9672f53424943727970746f2e636f6d20506f6f6c2f06c4f814351c786f29000037	3493	3126	7346	11712	1728435215266	1450139904	1728747715266	1450402048	6352453	5329.6445	4067.301	3.4122	1591.2982	1.3348	105191.56230799	312500000	262184.375	318852453	267514.0312	SBICrypto
888353	00000000000000000001f5e9a8fb4ef4c36faac04c743f7a89e6d2520738b873	2025-03-18 17:23:23	2025-03-18 15:41:24	1607231	795389	3993398	536870912	20000000	100000000000000000000000000000	4802f38ced8206d04f5d1d9267c99e547e6ad63ae226e2baa7cda202b39f56ae	648282406	386040449	112149504190350	0000000000000000000000000000000000000000b559bef862202eb945e7a736	03218e0d0407acd9672f466f756e6472792055534120506f6f6c202364726f70676f6c642f2f509e6c2f14000000000000	2932	2553	7653	8566	537273007643	450766688	537585507643	451028864	5289830	4438.1143	3292.2114	2.762	1325.2186	1.1117	24294.751588301	312500000	262184.375	317789830	266622.5	Foundry USA Pool
888354	000000000000000000027e046fb61cd200c20644045acaaa90a4e62fb8169c5b	2025-03-18 17:33:11	2025-03-18 16:07:24	1659204	778131	3993597	561602560	21796000	100001011110010110000000000000	0791ac9dd78401c1a902853c592114e0b8d2390b27df947fee3932f7d268ef6e	1289658919	386040449	112149504190350	0000000000000000000000000000000000000000b55a24f89f7c53a2b41c1381	03228e0d194d696e656420627920416e74506f6f6c20b9000e0687a5c0d3fabe6d6d232a764aa1cca6cf40a3114158fdf820954afcb5f01a17c202afe2bd5542773110000000000000000000c81373d7000000000000	4305	4070	7876	9707	320536869669	268927232	320849369669	269189408	4661718	3911.1348	2810.4648	2.3576	1167.856	0.9799	37965.924971138	312500000	262184.375	317161718	266095.5	AntPool
888355	0000000000000000000103a3bd35ffb710953b8462e08020b0daf92199f14874	2025-03-18 17:33:35	2025-03-18 16:25:12	1731055	754205	3993670	603979776	24000000	100100000000000000000000000000	b3cfb71104c70e965302ab974fbbe6048d745729a273b38447aa78a8e36dea9a	2902354821	386040449	112149504190350	0000000000000000000000000000000000000000b55a8af8dcd8788c22507fcc	03238e0d0470aed9672f466f756e6472792055534120506f6f6c202364726f70676f6c642f1131ad040000074147540300	3189	2935	8812	8113	434079642711	364188480	434392142711	364450656	2475040	2076.5337	1430.1671	1.1998	620.00964	0.5202	52654.912245346	312500000	262184.375	314975040	264260.9062	Foundry USA Pool
888356	00000000000000000001ce0361faff617681e54f5f18e840035f91074165d39d	2025-03-18 17:36:34	2025-03-18 16:53:46	1756094	745858	3993668	563699712	21996000	100001100110010110000000000000	1f6bd686f975f2b7427304edf2b7f6a89643ecc03434cfe25d47e1e52da94752	1911711811	386040449	112149504190350	0000000000000000000000000000000000000000b55af0f91a349d759084ec17	03248e0d0423afd9672f466f756e6472792055534120506f6f6c202364726f70676f6c642f4647b75d7e00000000000000	2786	2652	8884	6960	307475346244	257968736	307787846244	258230928	2764417	2319.3181	1574.5975	1.3214	692.5003	0.5814	32974.407644716	312500000	262184.375	315264417	264503.6875	Foundry USA Pool
888357	00000000000000000000ed53a1835deb3bbc9d363162da51ba67a604fcff5653	2025-03-18 17:44:07	2025-03-18 17:11:26	1574590	806307	3993511	537985024	20110000	100000000100010000000000000000	d365a8d1324eccdf020e5d9038b4072ad83081270af4d5f617be79f0c1611dd0	829421974	386040449	112149504190350	0000000000000000000000000000000000000000b55b56f95790c25efeb95862	03258e0d04fcb0d967537069646572506f6f6c2f7573383838382ffabe6d6d030c08ab52eb65b559d3558d4dcfbf9436370a19f4f680ab4f9ca630906014490100000000000000a14941cd070744104ba4000000000000	2764	2580	7752	6973	826008508506	693012864	826321008506	693275072	3332855	2796.2319	2117.2156	1.7761	834.8971	0.7006	18010.697108871	312500000	262184.375	315832855	264980.5938	SpiderPool
888358	0000000000000000000028a534f8678cca4f5035faff02035cdf1c17aaed3a55	2025-03-18 17:55:57	2025-03-18 17:23:23	1807184	728838	3993698	613875712	24970000	100100100101110000000000000000	41988840e5c90d8c48d9dda20d86a6e0191c87168c4bc2c1d0f4e4e8103516ab	4008655229	386040449	112149504190350	0000000000000000000000000000000000000000b55bbcf994ece7486cedc4ad	03268e0d04aeb3d9672f466f756e6472792055534120506f6f6c202364726f70676f6c642f1105129660f7000000000000	3605	3304	6700	9750	625878438644	525105760	626190938644	525367936	3940960	3306.426	2181.274	1.8298	987.22284	0.8281	41684.141946201	312500000	262184.375	316440960	265490.8125	Foundry USA Pool
888359	000000000000000000007ef405a2f54cf6f186b08fdfe8f4f97dc8877939581c	2025-03-18 18:00:47	2025-03-18 17:33:11	1362916	876891	3993589	733298688	2bb54000	101011101101010100000000000000	862dbe85e27bf243993b56f830c3f7ecf414bcaa7ea20403d9feee6afe66baea	3082075250	386040449	112149504190350	0000000000000000000000000000000000000000b55c22f9d2490c31db2230f8	03278e0d04cfb4d9672f466f756e6472792055534120506f6f6c202364726f70676f6c642f1848646a000000000000001d	1562	1417	6558	4308	325766755093	273315040	326079255093	273577248	2421101	2031.2795	1777.0122	1.4909	606.50995	0.5093	47779.106289798	312500000	262184.375	314921101	264215.6562	Foundry USA Pool
888360	000000000000000000022104c8901d3ed9fb68bcc1018c11aa5021f86f0bc72a	2025-03-18 18:13:03	2025-03-18 17:33:35	1582940	803495	3993425	603979776	24000000	100100000000000000000000000000	68f13f689ea6afef7787dfd8ec17139a5846a1917275f19fa67a42a064fd66fa	2715533536	386040449	112149504190350	0000000000000000000000000000000000000000b55c88fa0fa5311b49569d43	03288e0d04afb7d9672f466f756e6472792055534120506f6f6c202364726f70676f6c642f462c352000005fc04bba4800	3306	2999	7841	8808	776726201184	651665536	777038701184	651927680	3913748	3283.5955	2473.1738	2.0748	980.4732	0.8222	1155799.9064315	312500000	262184.375	316413748	265467.9688	Foundry USA Pool
888361	000000000000000000024fa616dd9c3c567962397e97508f3b3391f49a87cc6c	2025-03-18 18:51:24	2025-03-18 17:36:34	1500388	830968	3993292	805298176	2fffe000	101111111111111110000000000000	a1d395883f9adcb8e7c2b7d9c08ec68b2e9e923182202e27db8f9d03e1468c7f	40932742	386040449	112149504190350	0000000000000000000000000000000000000000b55ceefa4d015604b78b098e	03298e0d122f5669614254432f5472757374706f6f6c2f2cfabe6d6d33ffec370470cf4f9185d1620f4c28d75b15e9cb3c727a49da8739472f7f253c100000000000000010ed581b05fd2cda8aa848d3920492eb0000000000	3829	3337	6759	12516	1076092181394	902830592	1076404681394	903092736	7474556	6271.0776	4983.147	4.1807	1872.517	1.5714	116206.68486315	312500000	262184.375	319974556	268455.4375	ViaBTC
888362	000000000000000000027d164638a5bce34a1847e7a262df0171048d8b21ccd1	2025-03-18 19:09:36	2025-03-18 17:44:07	1558515	811584	3993267	905969664	36000000	110110000000000000000000000000	a14734d029823ff48987dadb55e3a6898655009a731f855b5da7e84c8607c512	2461305372	386040449	112149504190350	0000000000000000000000000000000000000000b55d54fa8a5d7aee25bf75d9	032a8e0d04f3c4d9677c204d415241204d61646520696e2055534120f09f87baf09f87b8207c763032fabe6d6d67d2a4b22d01271d8a29d9039b45732b84ec40641c27a8605d771ffd2310d8810100000000000000136ea4dc000008060200ffffffff	3877	3536	7568	10599	567254776124	475921088	567567276124	476183264	6205688	5206.5103	3982.69	3.3417	1554.5408	1.3046	61249.150484239	312500000	262184.375	318705688	267390.875	Unknown
888363	000000000000000000008b3f2c598e0e9a2606bf71c01c256a142c42d2a07b71	2025-03-18 19:19:13	2025-03-18 17:55:57	1561993	810494	3993475	663355392	278a0000	100111100010100000000000000000	cbbcc68246644865fc5dfb131f818507155cb6d16156b2fe77794906aa6af1a5	3790707207	386040449	112149504190350	0000000000000000000000000000000000000000b55dbafac7b99fd793f3e224	032b8e0d20202020204d696e656420627920536563706f6f6c2020202070001506ad92aa84fabe6d6da03f8dfbcad9592f1977342fc0551d8a78b9ec4aba8802caa724b91dff7a6b14100000000000000085260000d2c00000	3275	2969	7477	10105	590453713077	495384768	590766213077	495646944	4797570	4025.1133	3072.3816	2.5774	1201.8951	1.0085	38901.349579505	312500000	262184.375	317297570	266209.5	Unknown
888364	00000000000000000000ade9ddc30c7a6898ac68e2e960518014e023bc5f33bd	2025-03-18 19:25:38	2025-03-18 18:00:47	1644286	783144	3993718	537501696	2009a000	100000000010011010000000000000	3e80f947d33ce2c95b24f4cde75296afac463fdae286da26b3b00030e86e4a73	3178256409	386040449	112149504190350	0000000000000000000000000000000000000000b55e20fb0515c4c102284e6f	032c8e0d20202020204d696e656420627920536563706f6f6c2020202070005103afdd3023fabe6d6d26fe81f5b9bd58dc9d6fac4bbf318ac00aeed2e6605e4f57b6334736326e2c871000000000000000000006fc676e0300	2818	2567	8401	6971	359969889980	302011136	360282389980	302273312	3769160	3162.2876	2292.944	1.9238	944.19867	0.792	80485.558178495	312500000	262184.375	316269160	265346.6562	Unknown
888365	00000000000000000001fb6199c4f1a763a98bce1f41318261ccc641c8c53497	2025-03-18 20:02:18	2025-03-18 18:13:03	1541045	817498	3993539	690085888	2921e000	101001001000011110000000000000	5f87307428dc8d663dd5ee6816c6e750b87478112fd3c24dc025b0d65b9c0ea5	1885513099	386040449	112149504190350	0000000000000000000000000000000000000000b55e86fb4271e9aa705cbaba	032d8e0d1b4d696e656420627920416e74506f6f6c3937314d000b01bcfa4288fabe6d6de3a890d07c17cadfd044b9bcc4866aa74f63230410a55f80f3f0160d66aeaab108000000000000000000ec9c3a18030000000000	3813	3331	7042	12138	1491144545281	1251055360	1491457045281	1251317504	7680391	6443.7715	4985.522	4.1832	1924.1273	1.6142	34194.905499261	312500000	262184.375	320180391	268628.1562	AntPool
888366	0000000000000000000248bcb4e29b3a354ce4c41d4bb5615321b089e04b4846	2025-03-18 20:06:50	2025-03-18 18:51:24	1666733	775567	3993434	678371328	286f2000	101000011011110010000000000000	1cc8f491da0f51dd20cc24f9d60ba16a16bd7681c1cd04f9e9d636bb836899bf	3087591982	386040449	112149504190350	0000000000000000000000000000000000000000b55eecfb7fce0e93de912705	032e8e0d182f5669614254432f4d696e6564206279206174313732352f2cfabe6d6dbd4734039ccfef1c28aec1b875f3ee9576f2bd25bbd6fe0d61c08181adab9d6f100000000000000010455acc00afc6ab0c1030d0be935c000000000000	3585	3300	8293	10048	570948824253	479020352	571261324253	479282528	4142333	3475.376	2485.9377	2.0857	1037.7017	0.8709	36029.288176841	312500000	262184.375	316642333	265659.75	ViaBTC
888367	0000000000000000000040faafa9268344fb4a56ca3b61994b200efe8ed17f2f	2025-03-18 20:24:26	2025-03-18 19:09:36	1622228	790448	3993572	538550272	2019a000	100000000110011010000000000000	18d37381e78d8b1f5113f6260781692335c97b013a7bc726603f9e1cf0741680	1616803138	386040449	112149504190350	0000000000000000000000000000000000000000b55f52fbbd2a337d4cc59350	032f8e0d047ad6d9672f466f756e6472792055534120506f6f6c202364726f70676f6c642f340dc778c76c010000000000	3451	3103	8319	9968	677018084564	568011392	677330584564	568273600	5229345	4387.3682	3224.4717	2.7049	1310.0087	1.0991	87243.375907225	312500000	262184.375	317729345	266571.75	Foundry USA Pool
888368	000000000000000000005db3f6473f506e0289e3b7c57efea38106f6f20ec440	2025-03-18 20:26:53	2025-03-18 19:19:13	1489439	834495	3992924	594452480	236ea000	100011011011101010000000000000	67e331832625e11bd1231cfd9c6f28d997f62b986c0ec661079347fea2bab770	3939296978	386040449	112149504190350	0000000000000000000000000000000000000000b55fb8fbfa865866baf9ff9b	03308e0d040ed7d9673a2f2f34353930393330372d303230332d343463662d613132342d35643831336231623566633000000287000000000000004e	2223	2007	7608	4954	183259477372	153752864	183571977372	154015056	2414902	2026.0786	1621.6854	1.3608	604.9657	0.5076	228979.09107219	312500000	262184.375	314914902	264210.4688	Unknown
888369	0000000000000000000168ae4e10a118c3d148403ad922d49eba6d83f9a4d11c	2025-03-18 20:32:50	2025-03-18 19:25:38	1541192	817446	3993530	731553792	2b9aa000	101011100110101010000000000000	5fac9bb85c755bc38429031b402859f9afb2be2528ad270f4bded8947a0687e5	672667745	386040449	112149504190350	0000000000000000000000000000000000000000b5601efc37e27d50292e6be6	03318e0d122f5669614254432f5472757374706f6f6c2f2cfabe6d6d35d9756f0dd801c14f6fb03a11d51d8c83febab86a1eb62619855931710c751d100000000000000010b65a46065bad78dd7a635ecb7d75000000000000	1913	1724	6936	5550	246863162231	207115728	247175662231	207377904	2538441	2129.7266	1647.5134	1.3827	635.88934	0.5336	11613.202545553	312500000	262184.375	315038441	264314.0938	ViaBTC
888370	00000000000000000001d2a9fc359812fc45ffc56294b3008537cfadac569dce	2025-03-18 20:34:46	2025-03-18 20:02:18	1164025	943223	3993694	1006632960	3c000000	111100000000000000000000000000	e96d1a332fc8f0ae5f003b07734eef89d66f1aaec836fb38ace454198bf254a9	2727686122	386040449	112149504190350	0000000000000000000000000000000000000000b56084fc753ea2399762d831	03328e0d04e6d8d9672f466f756e6472792055534120506f6f6c202364726f70676f6c642f150d0e5100001088b3780d00	483	400	6641	1860	65590424581	55029712	65902924581	55291896	1664202	1396.2488	1430.2614	1.1998	416.88824	0.3499	10745.770306151	312500000	262184.375	314164202	263580.625	Foundry USA Pool
888371	00000000000000000000c5d400c748d9f089efbeb42bf76b8258923976522811	2025-03-18 20:39:20	2025-03-18 20:06:50	1148257	948372	3993373	651583488	26d66000	100110110101100110000000000000	0797516fe65443ab973d02346031a089467e371d547bbeed9d2549c027f6d492	2829847482	386040449	112149504190350	0000000000000000000000000000000000000000b560eafcb29ac7230597447c	03338e0d04f8d9d9672f466f756e6472792055534120506f6f6c202364726f70676f6c642f460ff5e6e160000000000000	1150	1025	6803	2889	249372739416	209221232	249685239416	209483424	2267959	1902.7949	1975.9235	1.6578	568.1771	0.4765	5791.3383750926	312500000	262184.375	314767959	264087.1562	Foundry USA Pool
888372	000000000000000000014fdc7d5e97db42a1b809f86525a988d17ca0e1fa7184	2025-03-18 20:42:07	2025-03-18 20:24:26	1175735	939169	3993242	671088640	28000000	101000000000000000000000000000	6faecfba691bc8e5a9f08b29ff6325a8747cf378513bcdd916150d0f3a6f3a70	2430621957	386040449	112149504190350	0000000000000000000000000000000000000000b56150fceff6ec0c73cbb0c7	03348e0d04b4dad967537069646572506f6f6c2f484b3130393130362f5f6b3d7d64285c459491110000000000	820	725	7188	2037	125433179536	105237184	125745679536	105499368	1913436	1605.3536	1627.9255	1.3659	479.3246	0.4019	15986.914584888	312500000	262184.375	314413436	263789.7188	SpiderPool
888373	00000000000000000001bdf0068fa6d3c30e695c615d75ec2abc9186908bc1f6	2025-03-18 21:05:34	2025-03-18 20:26:53	1514298	826417	3993549	600489984	23cac000	100011110010101100000000000000	bc86871db3b7aa24c53207cfd48efc84d0b8bf862b37348b7344a9dfe55d31cf	321962259	386040449	112149504190350	0000000000000000000000000000000000000000b561b6fd2d5310f5e2001d12	03358e0d041ee0d9672f466f756e6472792055534120506f6f6c202364726f70676f6c642f140d52747e1f000000000000	3399	3048	7444	10274	765962896488	642635200	766275396488	642897408	5136974	4309.8696	3393.3445	2.8467	1286.8761	1.0798	21598.835980247	312500000	262184.375	317636974	266494.25	Foundry USA Pool
888374	000000000000000000026a0ef6cad24b4a9261b0d1b030ce26265b7567d51126	2025-03-18 21:39:08	2025-03-18 20:32:50	1580469	804478	3993903	538427392	2017c000	100000000101111100000000000000	85d5477373f9d77f3ba7268c309d089ad5edfafc0d98c40568fd464957031d2d	4050451294	386040449	112149504190350	0000000000000000000000000000000000000000b5621cfd6aaf35df5034895d	03368e0d1d4d696e656420627920416e74506f6f6c313032339c016705df9c1ba002fabe6d6da90057de81b8295a8c698b8d4e6e67f43555310aeb1a25058dec870528b88c81100000000000000070030000e25a000000000000	3010	2608	7614	10577	676713407624	567755776	677025907624	568017984	6683701	5607.5581	4230.295	3.5489	1674.2826	1.4045	56522.27905875	312500000	262184.375	319183701	267791.9375	AntPool
888375	0000000000000000000180c9ae55b659c2352781cc5f234d7b861d12efe49168	2025-03-18 21:48:46	2025-03-18 20:34:46	1594461	799810	3993891	538025984	2011a000	100000000100011010000000000000	0f77ef465645daf88ce5982b8aabf9a1fa8c25edcbe97574d17df4b96c4b1740	4214638405	386040449	112149504190350	0000000000000000000000000000000000000000b56282fda80b5ac8be68f5a8	03378e0d194d696e656420627920416e74506f6f6c20d4000704e30d6e57fabe6d6d7bedd2b060dfa7286b67eee2a84fca5c6f5a66beac74fa91126037ff3fd8c1a7100000000000000001f5000033c3000000000000	4036	3660	7456	11477	485653685504	407458592	485966185504	407720768	4355894	3654.5515	2732.7551	2.293	1091.1604	0.9153	51094.298915432	312500000	262184.375	316855894	265838.9375	AntPool
888376	000000000000000000023634ad06564cf66ea7e883d37dbc91eeaa0b099bbf5c	2025-03-18 21:50:05	2025-03-18 20:39:20	1338500	886543	3998129	1073733632	3fffe000	111111111111111110000000000000	4041502f67c7bdb66c3976d7ca15e677cacef0dfe9887d6147afebd29917b513	1082149494	386040449	112149504190350	0000000000000000000000000000000000000000b562e8fde5677fb22c9d61f3	03388e0d2cfabe6d6db090229d791843d3f7cca8f37e3ba43875321a9db84fb8a5207f006a69b3bd7b10000000f09f909f092f4632506f6f6c2f6c0000000000000000000000000000000000000000000000000000000000000000000000050058900000	1249	1061	7847	3572	44547475093	37374888	44859975093	37637072	2257741	1894.2222	1687.4856	1.4154	565.0052	0.474	20417.862007775	312500000	262184.375	314757741	264078.5938	F2Pool
888377	000000000000000000015b1760d2dc8ddb3b50f47f062c4719c1ad112cf3bdae	2025-03-18 21:52:04	2025-03-18 20:42:07	1243483	916742	3993709	853180416	32da8000	110010110110101000000000000000	b820b895124da81f37f16dd6c909674919eac7129d8715e3dd06ad2d195544d5	1644054893	386040449	112149504190350	0000000000000000000000000000000000000000b5634efe22c3a49b9ad1ce3e	03398e0d0404ebd9672f466f756e6472792055534120506f6f6c202364726f70676f6c642f1e398f113c00000000000000	932	829	7568	2731	97172498006	81526752	97484998006	81788936	2125945	1783.6466	1710.3022	1.4347	532.55444	0.4472	18982.745883742	312500000	262184.375	314625945	263968.0312	Foundry USA Pool
888378	00000000000000000000737661079787cc19e2acc6f8dd5fcec3d3d8615281c2	2025-03-18 21:55:14	2025-03-18 21:05:34	1343018	883622	3993884	538001408	20114000	100000000100010100000000000000	2bd71df7303dd45090b1535f7961f0782b9c5a72e532ccb6b6d6818637034e29	3631367939	386040449	112149504190350	0000000000000000000000000000000000000000b563b4fe601fc98509063a89	033a8e0d194d696e656420627920416e74506f6f6c20d4000307e55d93b9fabe6d6de9cfc593b4839d04367f0b2cd1df79c3316c686e39f9af984042c0e359b00efc10000000000000000000d0b9b440000000000000	943	855	9173	2939	154946382348	129998464	155258882348	130260648	1751029	1469.0958	1304.291	1.094	438.63715	0.3683	13737.579613841	312500000	262184.375	314251029	263653.4688	AntPool
888379	00000000000000000001467a2d5e57efcb14f94a1b37759626161ca5b4da6e1e	2025-03-18 22:01:00	2025-03-18 21:39:08	1850658	714415	3993903	547971072	20a96000	100000101010010110000000000000	748115e48b9bafa287b18edf67aa6adeca8a27e4b318a25dd494866e142ceda3	2979713280	386040449	112149504190350	0000000000000000000000000000000000000000b5641afe9d7bee6e773aa6d4	033b8e0d194d696e656420627920416e74506f6f6c20b9001c06e76d5b75fabe6d6df77cff3d1a0f5436a840e0aa935ca6d33161b2988520e5aa099461fdea5b661c1000000000000000e5270000e27d000000000000	3315	3157	8563	8608	119017957893	99854880	119330457893	100117064	2267774	1902.6396	1225.7218	1.0286	568.0804	0.4765	40786.807496773	312500000	262184.375	314767774	264087	AntPool
888380	0000000000000000000096c59686a794d25f933c5dc0d6012f3df4f283784280	2025-03-18 22:05:18	2025-03-18 21:48:46	1801665	730618	3993519	740859904	2c28a000	101100001010001010000000000000	3135667796ced07a6043f98e843a7e224c14ba8673ac553050d16759553dfdf6	2246859307	386040449	112149504190350	0000000000000000000000000000000000000000b56480fedad81357e56f131f	033c8e0d041eeed9672f466f756e6472792055534120506f6f6c202364726f70676f6c642f2314cf92255e000000000000	3106	3005	8111	9093	143840717665	120680920	144153217665	120943112	1922898	1613.2922	1067.562	0.896	481.7136	0.4044	8881.8234255151	312500000	262184.375	314422898	263797.6562	Foundry USA Pool
888381	000000000000000000009a7e7682367a27696d08c12034092e52c96a8d14e772	2025-03-18 22:07:25	2025-03-18 21:50:05	1993414	666756	3993682	549453824	20c00000	100000110000000000000000000000	cd693a5229c484a1b64be409ea21549912de9cc1e9a925533fd616e888a0b457	2258572747	386040449	112149504190350	0000000000000000000000000000000000000000b564e6ff1834384153a37f6a	033d8e0d1b4d696e656420627920416e74506f6f6c3935394d006701e9b8dae6fabe6d6d0729f0d71a2253e2ec61149262d7e0d0f482f536ff66df484e4fc946c0ce2e010800000000000000630c0100c1ed150000000000	933	894	12368	2715	85187057258	71471088	85499557258	71733272	1411271	1184.0422	708.1466	0.594	353.54553	0.297	651.6778924174	312500000	262184.375	313911271	263368.4062	AntPool
888382	000000000000000000021adc942cf7c801c6fc85d83887516c9209d9491c3a9f	2025-03-18 22:24:55	2025-03-18 21:52:04	1582449	803631	3993342	577183744	22672000	100010011001110010000000000000	e7d353139c34f1ab9cf182ed2134843ce4025094e83387ca07b0df92c64fae75	4093450363	386040449	112149504190350	0000000000000000000000000000000000000000b5654cff55905d2ac1d7ebb5	033e8e0d162f5669614254432f4d696e6564206279206b6b6b372f2cfabe6d6da876031b4e85aba013da274ec25d0403938b2cf0cf3f4b10e88fdd98f06e0f5c100000000000000010e65c7a053de9e2fa030ebedb4178010000000000	3083	2805	7959	9179	419219662978	351721120	419532162978	351983296	4222869	3542.9448	2669.2825	2.2393	1057.8992	0.8877	28766.77213003	312500000	262184.375	316722869	265727.3125	ViaBTC
888383	00000000000000000001727893149ed08549981bda630446c91e14bc7c6205c0	2025-03-18 22:32:29	2025-03-18 21:55:14	1503005	830033	3993104	613318656	248e8000	100100100011101000000000000000	891edb6d8b3267412e4ee1d5ed40e1757bc9f77f87760fd36b49d320f1bec054	205472182	386040449	112149504190350	0000000000000000000000000000000000000000b565b2ff92ec8214300c5800	033f8e0d047df4d9672f466f756e6472792055534120506f6f6c202364726f70676f6c642f353d24339039a30000000000	2699	2561	7200	8173	205296043409	172241328	205608543409	172503504	2411444	2023.1774	1604.9064	1.3466	604.1642	0.5067	46661.411390647	312500000	262184.375	314911444	264207.5625	Foundry USA Pool
888384	000000000000000000012a83189db542c5abab8028fd8510bc4fca6baeb043f9	2025-03-18 22:41:51	2025-03-18 22:01:00	1427616	854939	3992433	676036608	284b8000	101000010010111000000000000000	26a5f14d9af2a4410a32b60fe804dec8745879fbdf874c17abe8336a5088bee4	2490708028	386040449	112149504190350	0000000000000000000000000000000000000000b56618ffd048a6fd9e40c44b	03408e0d012013090909200909200910084e000015de00000025	2774	2597	6762	8460	524676446624	440198304	524988946624	440460480	2749398	2306.7175	1926.2377	1.6159	688.8234	0.5781	7624.9278431109	312500000	262184.375	315249398	264491.0938	Unknown
888385	00000000000000000000a32bafb05b526cdb7d75688c14bccbf3e9bc688a7221	2025-03-18 22:52:13	2025-03-18 22:05:18	1571498	807166	3992996	543162368	20600000	100000011000000000000000000000	cf3a266555a2ca31ce47ffd35507065b4b461fe2a87edd7855770bd175f9f463	3383313428	386040449	112149504190350	0000000000000000000000000000000000000000b5667f000da4cbe70c753096	03418e0d041ef9d9672f466f756e6472792055534120506f6f6c202364726f70676f6c642f0a29006a0000624d2d990100	2678	2489	7879	7975	284764372221	238914464	285076872221	239176640	2673590	2243.1152	1701.7985	1.428	669.8605	0.5621	9486.3255236468	312500000	262184.375	315173590	264427.5	Foundry USA Pool
888386	000000000000000000014ac0e309e98bf3c4754ff18535d33e1f53cc7a310b2d	2025-03-18 22:53:22	2025-03-18 22:07:25	2042512	650388	3993676	537919488	20100000	100000000100000000000000000000	ed0f7676b6d926a94d5c4267be04a8cc1d20b8f608a4bb993459d70a87003aaf	345348569	386040449	112149504190350	0000000000000000000000000000000000000000b566e5004b00f0d07aa99ce1	03428e0d0452f9d9672f466f756e6472792055534120506f6f6c202364726f70676f6c642f08072f973328000000000000	1756	1736	11491	5105	21391535594	17947284	21704035594	18209468	1139818	956.2959	558.17285	0.4682	285.52957	0.24	1589.0582239339	312500000	262184.375	313639818	263140.6562	Foundry USA Pool
888387	000000000000000000014445c1712e0fe7000c200b210f000772425a8f2c86b1	2025-03-18 22:57:06	2025-03-18 22:24:55	1805742	729359	3993819	536969216	20018000	100000000000011000000000000000	dbdffb46c88aa54eaa3cdb528528ce2ccb99a2e186f28b21513621ebfe31707b	1998914673	386040449	112149504190350	0000000000000000000000000000000000000000b5674b00885d15b9e8de092c	03438e0d194d696e656420627920416e74506f6f6c20b9001e05fb7e685bfabe6d6d9adbcd2d049ddd6ff6c37bb5bb7d52f23d69b2efb07bdd99fc7f95b72c9ae93610000000000000000000c705a074000000000000	1837	1769	12592	5241	102319160518	85844752	102631660518	86106936	1781526	1494.6825	986.86487	0.8281	446.284	0.3742	5752.3608368702	312500000	262184.375	314281526	263679.0625	AntPool
888388	000000000000000000026e682bda6917224f0902ab6c8c9c1fef4585acdf375c	2025-03-18 23:09:26	2025-03-18 22:32:29	1520441	825855	3998006	805306368	30000000	110000000000000000000000000000	58366842d4bebc40594ab6de570e16643a54a98f9d1699b99fb267ebbc8ccef5	151094785	386040449	112149504190350	0000000000000000000000000000000000000000b567b100c5b93aa357127577	03448e0d2cfabe6d6d8f689f4f47b588772dfb20ac1e6571c6654a4f8d010d65b445fab2f2ecba9ab510000000f09f909f092f4632506f6f6c2f64000000000000000000000000000000000000000000000000000000000000000000000005000b1540a4	2696	2503	7637	8312	290681897876	243879200	290994397876	244141392	3078082	2582.48	2025.2231	1.699	770.3212	0.646	8621.038627104	312500000	262184.375	315578082	264766.8438	F2Pool
888389	00000000000000000001bb85ae62fc1360ea1ff3f69010e38df3b64bf800de54	2025-03-18 23:10:18	2025-03-18 22:41:51	1818801	724915	3993546	706076672	2a15e000	101010000101011110000000000000	c15bbfeaddd7132106786d93793457b0c3e70f3c19b49117c910272aae817e03	2597310464	386040449	112149504190350	0000000000000000000000000000000000000000b568170103155f8cc546e1c2	03458e0d045bfdd9672f466f756e6472792055534120506f6f6c202364726f70676f6c642f4021acef0707000000000000	2366	2351	11575	7244	19796788014	16609307	20109288014	16871492	1167573	979.5821	642.10895	0.5386	292.49182	0.245	4502.5912597466	312500000	262184.375	313667573	263163.9688	Foundry USA Pool
888390	000000000000000000012cd56dd22f736a80c409afcfbd58b775f0dc1c7ce45a	2025-03-18 23:18:25	2025-03-18 22:52:13	1709140	761477	3993571	638550016	260f8000	100110000011111000000000000000	7ee99c6fa02ce37e5aa19600835f33c2c9491c200061f583d925a1043b60334b	771335537	386040449	112149504190350	0000000000000000000000000000000000000000b5687d0140718476337b4e0d	03468e0d0441ffd9672f466f756e6472792055534120506f6f6c202364726f70676f6c642f25099b903b01000000000000	3647	3535	6842	10960	163278736421	136989232	163591236421	137251408	2096947	1759.3175	1227.2322	1.0294	525.30853	0.4405	4784.5259688957	312500000	262184.375	314596947	263943.6875	Foundry USA Pool
888391	00000000000000000001366575febd176a0b3b39c00b5f47785041dae90d01b9	2025-03-18 23:36:40	2025-03-18 22:53:22	1769787	741302	3993693	812097536	3067a000	110000011001111010000000000000	a3f6596ed6924aca41ef276b970d4b93ef89e2f6bfe38e50882d191e278d8ed7	39295526	386040449	112149504190350	0000000000000000000000000000000000000000b568e3017dcda95fa1afba58	03478e0d048803da672f466f756e6472792055534120506f6f6c202364726f70676f6c642f23005e15f606000000000000	3035	2751	6944	10428	396383957721	332562176	396696457721	332824352	3432498	2879.8315	1940.0021	1.6276	859.8526	0.7215	5493.8322759157	312500000	262184.375	315932498	265064.2188	Foundry USA Pool
888392	000000000000000000018e1cf6a0e7034e94b17b6a281d7d5658be519e052fbb	2025-03-18 23:38:52	2025-03-18 22:57:06	1696209	767249	3997956	1073733632	3fffe000	111111111111111110000000000000	a87d2b2141731843bfcd67dc5079ea0f0ff4bed09a1a63674fec8a1a068d7de0	1057791552	386040449	112149504190350	0000000000000000000000000000000000000000b5694901bb29ce490fe426a3	03488e0d2cfabe6d6d8072fdcaa23cee42cdde17b6a226da54d60fd7a89e931596b0a284f5f53f5f8510000000f09f909f092f4632506f6f6c2f6c00000000000000000000000000000000000000000000000000000000000000000000000500317a0000	2451	2416	6369	8171	61818877218	51865420	62131377218	52127604	1646644	1381.5178	971.1041	0.8147	412.0945	0.3457	1109.5412741591	312500000	262184.375	314146644	263565.9062	F2Pool
888393	000000000000000000012c931c76c55f64d5887270f7d20af430318ef2e9b780	2025-03-18 23:45:29	2025-03-18 23:09:26	1717947	758390	3993117	536977408	2001a000	100000000000011010000000000000	e6db83dd3df104feb020921e10e128d9c8d5359320b18faf538f4325d0d2ec72	3745487432	386040449	112149504190350	0000000000000000000000000000000000000000b569af01f885f3327e1892ee	03498e0d20202020204d696e656420627920536563706f6f6c2020202070004f030ccbb658fabe6d6d175656cbf103cf9e768927c3c3d17c211adc841b52930a0d74401345a67aefb0100000000000000000000068ae6d0b00	4052	3954	6365	12044	109550927210	91912136	109863427210	92174320	1988877	1668.6479	1158.0278	0.9716	498.30142	0.4178	8233.7709018498	312500000	262184.375	314488877	263853.0312	Unknown
888394	000000000000000000000fa916d5ee6231622a0411f6059afdbc7345711168d1	2025-03-18 23:45:58	2025-03-18 23:10:18	1836166	719170	3993676	620863488	2501a000	100101000000011010000000000000	d30bce5d1c4301bd71bfbc9a2828b747a049fc65906247375278bfc739e3d98d	2942963753	386040449	112149504190350	0000000000000000000000000000000000000000b56a150235e2181bec4cff39	034a8e0d04b705da672f466f756e6472792055534120506f6f6c202364726f70676f6c642f5022dc04af07000000000000	1520	1508	13724	4442	4656159956	3906471.75	4968659956	4168656	1086735	911.7598	591.9984	0.4967	272.23203	0.2282	1024.3276023541	312500000	262184.375	313586735	263096.125	Foundry USA Pool
888395	00000000000000000000b28f0957fc6ea79c19a9debf98a23033009ef619bfd6	2025-03-18 23:46:08	2025-03-18 23:18:25	1858801	711367	3992902	617455616	24cda000	100100110011011010000000000000	0b89d3410e5ef1d25d84003d20f47a1848722f4236b823379c8b59c3904510f2	61240024	386040449	112149504190350	0000000000000000000000000000000000000000b56a7b02733e3d055a816b84	034b8e0d04c105da677c204d415241204d61646520696e2055534120f09f87baf09f87b8207c76303213b330c948000d000000ffffffff	74	65	17210	114	342288354	287176.5	654788354	549360.875	1034642	868.0543	556.709	0.4673	259.19223	0.2173	643.33173510842	312500000	262184.375	313534642	263052.4375	Unknown
888396	00000000000000000000412f8ca4cf47b3a022bcfdf90b281a1f3836d7217d8a	2025-03-18 23:46:35	2025-03-18 23:36:40	1786614	735685	3993669	536887296	20004000	100000000000000100000000000000	1f93d3f951b9feefe52bf267613f23d1e3ea8a7f768e3eee6653a09df63c8e96	2458715463	386040449	112149504190350	0000000000000000000000000000000000000000b56ae102b09a61eec8b5d7cf	034c8e0d04dc05da672f466f756e6472792055534120506f6f6c202364726f70676f6c642f0d5e305c8733010000000000	240	217	16094	491	5851747277	4909557.5	6164247277	5171742	1123163	942.3225	628.81573	0.5277	281.35733	0.2358	213.49904539007	312500000	262184.375	313623163	263126.6875	Foundry USA Pool